county_FIPS,unemployed_num,unemployment_rate
00000,6977228,4.354932308
01000,99059,4.6
01001,1040,4
01003,3844,4.2
01005,498,6
01007,385,4.5
01009,1025,4.2
01011,244,5.1
01013,508,5.7
01015,2332,5.1
01017,637,4.2
01019,475,4.2
01021,807,4.2
01023,286,6.5
01025,676,8.8
01027,259,4.5
01029,265,4.6
01031,944,4.5
01033,1245,5.4
01035,283,6.3
01037,211,4.8
01039,842,5.4
01041,299,4.7
01043,1457,3.9
01045,918,4.6
01047,1159,7.7
01049,1366,4.6
01051,1412,3.8
01053,741,5.1
01055,2034,4.7
01057,318,4.9
01059,614,4.4
01061,483,4.5
01063,222,7.8
01065,364,6.1
01067,336,5
01069,2011,4.5
01071,1140,4.9
01073,13605,4.4
01075,248,4.3
01077,2009,4.8
01079,692,5.1
01081,3004,4.1
01083,1719,4.2
01085,309,8.5
01087,469,6
01089,7035,4
01091,444,5.8
01093,619,5
01095,1668,4
01097,9999,5.4
01099,499,6.9
01101,4722,4.5
01103,2326,4.2
01105,276,8
01107,426,5.5
01109,765,5
01111,428,4.5
01113,1041,4.5
01115,1603,4.1
01117,3693,3.3
01119,335,6.8
01121,1786,5.2
01123,788,4.3
01125,4279,4.3
01127,1291,5.2
01129,466,7
01131,329,11.8
01133,502,5.2
02000,23497,6.5
02013,60,2.4
02016,129,3.4
02020,8372,5.4
02050,931,12.7
02060,25,5.9
02068,97,8.4
02070,172,8.4
02090,2649,5.7
02100,90,8.3
02105,131,11.5
02110,748,4.3
02122,2079,7.7
02130,408,5.7
02150,297,4.7
02158,508,18.5
02164,79,11
02170,3737,7.7
02180,465,11.3
02185,250,6.9
02188,449,15.2
02195,122,8.6
02198,296,10.4
02201,,
02220,188,4.2
02230,80,9.7
02232,,
02240,282,9.6
02261,352,7.2
02275,75,7.1
02280,,
02282,20,8.6
02290,408,16.6
04000,164808,4.9
04001,2133,10.4
04003,2793,5.6
04005,4241,5.6
04007,1309,6.1
04009,794,5.5
04011,203,5.1
04012,476,5.5
04013,91208,4.2
04015,4913,6
04017,3161,7.7
04019,21767,4.6
04021,8773,5.1
04023,1834,9.6
04025,4682,4.6
04027,16522,17.2
05000,50492,3.7
05001,295,3.3
05003,443,5.6
05005,705,4.3
05007,3960,3
05009,548,3.5
05011,205,4.6
05013,94,3.9
05015,438,3.4
05017,229,6.6
05019,377,3.9
05021,269,4.6
05023,462,5
05025,146,4.4
05027,464,5.1
05029,397,4.8
05031,1627,3
05033,959,3.6
05035,945,4.4
05037,310,4
05039,130,4.4
05041,264,4.8
05043,409,5.1
05045,2067,3.4
05047,263,3.5
05049,201,4.3
05051,1647,4.1
05053,272,3.3
05055,734,3.7
05057,344,3.5
05059,528,3.7
05061,183,3.1
05063,693,4.3
05065,273,5.6
05067,349,5.9
05069,1468,5.2
05071,457,4.3
05073,129,5.1
05075,262,3.8
05077,145,4.9
05079,171,4.2
05081,269,4.9
05083,345,3.9
05085,1119,3.3
05087,213,2.9
05089,259,4
05091,868,4.4
05093,1069,6
05095,120,4.3
05097,150,4.8
05099,129,3.6
05101,122,3.7
05103,449,4.6
05105,178,4.2
05107,382,5.8
05109,174,4
05111,431,4.2
05113,364,4.5
05115,1308,4.5
05117,152,4.1
05119,6497,3.4
05121,291,4.2
05123,426,5.1
05125,1755,3
05127,155,3.5
05129,137,4.7
05131,2088,3.6
05133,259,4.6
05135,302,5.1
05137,231,4.8
05139,859,5.3
05141,333,5.5
05143,3162,2.6
05145,1546,4.6
05147,143,4.9
05149,349,4.1
06000,926965,4.8
06001,31045,3.7
06003,34,6.2
06005,735,5
06007,5946,5.8
06009,1001,4.8
06011,1551,14.3
06013,21575,3.9
06015,628,6.5
06017,3948,4.4
06019,38216,8.6
06021,964,7.5
06023,2641,4.2
06025,14168,19.7
06027,379,4.4
06029,35605,9.3
06031,5136,9
06033,1705,5.8
06035,557,5.6
06037,245204,4.8
06039,4981,8.2
06041,4050,2.9
06043,450,5.9
06045,1801,4.6
06047,10889,9.4
06049,261,8.2
06051,379,4.5
06053,15874,7.2
06055,2689,3.7
06057,2000,4.1
06059,56717,3.5
06061,7057,3.9
06063,695,8.9
06065,56668,5.3
06067,32755,4.7
06069,1778,5.8
06071,46804,5
06073,63640,4
06075,16613,2.9
06077,22761,7
06079,5082,3.6
06081,12185,2.7
06083,9809,4.6
06085,33652,3.2
06087,8186,5.7
06089,4321,5.8
06091,85,6.6
06093,1302,7.3
06095,9993,4.8
06097,8840,3.4
06099,18249,7.5
06101,3941,8.8
06103,1637,6.4
06105,300,6.2
06107,21514,10.5
06109,1161,5.4
06111,19184,4.5
06113,5480,5.1
06115,2150,7.5
08000,78481,2.6
08001,7384,2.8
08003,259,3.2
08005,9033,2.6
08007,186,2.8
08009,32,1.5
08011,49,2.6
08013,4175,2.2
08014,932,2.4
08015,203,2.2
08017,18,1.6
08019,141,2.4
08021,151,3.9
08023,60,3.3
08025,42,2.9
08027,58,2.9
08029,513,3.6
08031,10165,2.6
08033,31,2.8
08035,4089,2.2
08037,751,2.2
08039,324,2.3
08041,9881,3
08043,594,4
08045,844,2.7
08047,68,1.9
08049,199,2.1
08051,201,1.9
08053,10,2.1
08055,136,5.4
08057,16,1.7
08059,7872,2.4
08061,16,1.7
08063,70,1.6
08065,94,2
08067,711,2.3
08069,4393,2.3
08071,235,3.8
08073,46,1.9
08075,241,2.2
08077,2705,3.7
08079,8,1.7
08081,226,3.1
08083,472,3.7
08085,634,3.1
08087,350,2.3
08089,319,3.9
08091,60,2.7
08093,229,2.2
08095,38,1.5
08097,314,2.9
08099,150,2.4
08101,2980,4
08103,100,3.6
08105,216,4
08107,343,2.2
08109,141,4.1
08111,11,2.1
08113,141,2.6
08115,24,2
08117,379,1.7
08119,364,3
08121,55,1.8
08123,3917,2.5
08125,85,1.5
09000,83904,4.4
09001,20499,4.3
09003,21785,4.5
09005,4254,4.1
09007,3538,3.8
09009,21756,4.7
09011,5829,4.2
09013,3232,3.8
09015,3010,4.8
10000,21157,4.4
10001,3750,4.8
10003,12843,4.4
10005,4564,4.4
11000,24691,6.1
11001,24691,6.1
12000,425971,4.2
12001,5216,3.9
12003,492,4.2
12005,3698,4.2
12007,414,3.7
12009,11744,4.4
12011,40940,4
12013,245,4.9
12015,3350,4.8
12017,2841,5.9
12019,4088,3.9
12021,7245,4.2
12023,1293,4.4
12027,633,4.5
12029,276,4.8
12031,20519,4.3
12033,6011,4.2
12035,2240,4.9
12037,172,3.7
12039,1006,5.5
12041,305,4.5
12043,268,5.4
12045,237,3.9
12047,211,4.9
12049,531,5.9
12051,1178,7.4
12053,3677,5.3
12055,2080,5.7
12057,28696,4
12059,331,4.8
12061,3249,5.1
12063,788,4.6
12065,243,4.4
12067,110,3.7
12069,6409,4.2
12071,13854,4.1
12073,6005,4
12075,757,4.5
12077,121,4.6
12079,331,4.5
12081,7037,4
12083,6812,5.1
12085,3047,4.2
12086,61853,4.6
12087,1505,3.3
12089,1540,3.9
12091,3310,3.5
12093,811,4.4
12095,27740,3.8
12097,7561,4.4
12099,30459,4.2
12101,10288,4.5
12103,18695,3.9
12105,14205,4.8
12107,1487,5.5
12109,4279,3.4
12111,7259,5.2
12113,3110,3.9
12115,7362,4
12117,9304,3.8
12119,1869,6.2
12121,791,4.3
12123,398,4.5
12125,182,3.8
12127,11200,4.5
12129,526,3.6
12131,1111,3.7
12133,432,4.4
13000,243604,4.8
13001,519,5.5
13003,190,4.5
13005,230,4.5
13007,79,6.3
13009,1053,5.9
13011,369,3.9
13013,1622,4.1
13015,2332,4.7
13017,433,7.8
13019,386,5.2
13021,3768,5.4
13023,314,6.8
13025,425,5.8
13027,324,4.6
13029,754,4.2
13031,1885,5.1
13033,678,7.2
13035,521,4.9
13037,121,5.3
13039,1079,5.1
13043,218,4.1
13045,2815,5.1
13047,1385,4.2
13049,250,5.1
13051,6359,4.5
13053,138,6.9
13055,508,4.8
13057,5002,3.8
13059,2948,4.8
13061,80,9.1
13063,8046,5.9
13065,156,5.6
13067,17560,4.1
13069,958,5.1
13071,1015,4.6
13073,3120,4.2
13075,357,4.6
13077,3108,4.2
13079,288,5
13081,498,5.2
13083,367,4.4
13085,468,3.9
13087,660,5.6
13089,19361,4.9
13091,455,6.3
13093,262,5.1
13095,2393,6.1
13097,3598,4.9
13099,251,5.5
13101,76,4
13103,1216,4.1
13105,421,5.3
13107,586,6.8
13109,218,4.4
13111,536,4.8
13113,2370,4.1
13115,2346,5.3
13117,4455,3.8
13119,492,4.8
13121,27028,4.9
13123,618,5.1
13125,66,5
13127,1919,4.8
13129,1256,4.7
13131,534,4.9
13133,359,5.2
13135,20839,4.3
13137,898,4.6
13139,3997,3.9
13141,183,7.2
13143,605,4.8
13145,706,4.2
13147,510,4.5
13149,263,5
13151,5565,4.9
13153,3337,4.8
13155,234,7.1
13157,1323,3.7
13159,302,4.4
13161,378,6.1
13163,425,6.2
13165,218,6.8
13167,212,5.1
13169,615,4.4
13171,460,5.7
13173,200,5.2
13175,1157,5.9
13177,640,4.2
13179,1340,5.2
13181,191,5.3
13183,393,4.9
13185,2453,4.7
13187,708,4.2
13189,567,6.3
13191,317,5.1
13193,334,7
13195,592,4.3
13197,210,6.1
13199,535,6
13201,128,4.5
13205,542,6.3
13207,597,4.5
13209,253,6.7
13211,412,4.5
13213,997,6.2
13215,4784,6
13217,2778,5.4
13219,702,3.6
13221,311,4.4
13223,3494,4.2
13225,703,5.9
13227,653,4.3
13229,407,4.6
13231,395,4.5
13233,987,5.3
13235,220,5.3
13237,482,5.8
13239,50,5.9
13241,347,5
13243,166,6.5
13245,5232,6
13247,2396,5.3
13249,123,5.5
13251,337,6.3
13253,202,6.5
13255,1682,5.9
13257,588,5.3
13259,138,6
13261,894,6.9
13263,175,6.2
13265,39,6.7
13267,483,5
13269,250,8.8
13271,382,7.9
13273,224,6.1
13275,1019,5.9
13277,911,4.7
13279,787,6.6
13281,252,6.6
13283,187,6.8
13285,1677,4.4
13287,188,5.7
13289,228,7.6
13291,467,4.6
13293,629,5.5
13295,1423,4.6
13297,1975,4.4
13299,733,4.6
13301,162,5.9
13303,443,6
13305,661,5.8
13307,76,7.6
13309,159,9.1
13311,618,3.9
13313,2497,5.5
13315,164,5.9
13317,220,5.7
13319,219,5.7
13321,459,4.9
15000,15054,2.2
15001,2388,2.6
15003,9814,2.1
15007,802,2.2
15009,2051,2.3
16000,26320,3.2
16001,6526,2.8
16003,99,5.7
16005,1254,3
16007,89,3.1
16009,221,5.5
16011,678,2.9
16013,311,2.5
16015,151,4.7
16017,858,4.5
16019,1429,2.7
16021,243,4.7
16023,39,2.9
16025,18,2.6
16027,3445,3.6
16029,120,3.1
16031,289,2.5
16033,11,2.8
16035,207,6.9
16037,91,4.2
16039,405,3.6
16041,153,2.3
16043,200,2.6
16045,309,3.9
16047,195,2.4
16049,308,4.9
16051,328,2.5
16053,324,2.8
16055,2896,3.8
16057,526,2.6
16059,179,5.1
16061,94,5.8
16063,86,3.2
16065,396,1.9
16067,291,2.6
16069,596,2.8
16071,64,2.8
16073,208,3.9
16075,451,3.9
16077,133,3.4
16079,313,6.2
16081,154,2.5
16083,1198,3
16085,224,4.4
16087,213,4.6
17000,321075,5
17001,1259,3.9
17003,179,8.4
17005,351,4.4
17007,1756,6.7
17009,82,2.9
17011,854,4.9
17013,126,5.4
17015,353,4.6
17017,279,4.5
17019,4564,4.3
17021,786,5.3
17023,398,5
17025,354,5.3
17027,720,3.5
17029,1145,4.7
17031,135737,5.2
17033,465,5.2
17035,246,4
17037,2546,4.6
17039,363,4.7
17041,420,4.1
17043,20491,4
17045,467,4.9
17047,134,4.7
17049,721,3.8
17051,529,5.5
17053,311,4.8
17055,1075,6.5
17057,991,6.4
17059,147,5.9
17061,306,5.1
17063,1489,5.8
17065,200,4.5
17067,439,5.1
17069,102,7.5
17071,186,5.1
17073,1277,5.1
17075,671,4.6
17077,1260,4.5
17079,224,5
17081,953,5.4
17083,529,4.8
17085,494,4.5
17087,308,7.5
17089,13037,4.8
17091,3010,5.5
17093,2991,4.4
17095,1169,5.2
17097,16841,4.5
17099,3140,5.6
17101,389,6.4
17103,775,4.3
17105,743,4.5
17107,593,4.6
17109,678,5
17111,7427,4.4
17113,3685,4.1
17115,2750,5.5
17117,1124,4.9
17119,6404,4.8
17121,929,5.2
17123,295,5.4
17125,391,6.1
17127,379,6.5
17129,276,4.2
17131,414,5.1
17133,629,3.4
17135,681,5.7
17137,720,4.4
17139,284,3.9
17141,1302,5.1
17143,5063,5.9
17145,506,6
17147,348,4.1
17149,331,4.5
17151,116,6.5
17153,168,7.9
17155,149,5
17157,625,4.4
17159,362,4.8
17161,3644,5.1
17163,6417,5.1
17165,631,6.4
17167,4504,4.4
17169,152,4.6
17171,129,5.2
17173,460,4.4
17175,163,6.3
17177,1012,4.7
17179,3456,5.3
17181,475,6.4
17183,2209,6.5
17185,296,5.2
17187,362,4.2
17189,287,3
17191,429,6.2
17193,330,4.9
17195,1359,4.8
17197,18317,5.1
17199,1638,5.1
17201,8969,6.4
17203,831,4.4
18000,116091,3.5
18001,445,2.6
18003,5950,3.3
18005,1200,2.7
18007,151,3.4
18009,212,4
18011,991,2.8
18013,254,3.4
18015,340,3.4
18017,673,3.8
18019,2096,3.4
18021,452,3.7
18023,513,3
18025,217,4.4
18027,440,2.8
18029,980,3.8
18031,424,2.9
18033,642,2.9
18035,2285,4.2
18037,591,2.6
18039,2808,2.5
18041,449,5
18043,1345,3.3
18045,311,3.9
18047,399,3.6
18049,335,3.4
18051,554,2.9
18053,1218,3.8
18055,636,4.7
18057,4831,2.7
18059,1165,3
18061,682,3.4
18063,2490,2.9
18065,801,3.6
18067,1429,3.8
18069,648,3.5
18071,661,2.9
18073,697,4.3
18075,341,3.5
18077,552,3.7
18079,496,3.8
18081,2360,2.9
18083,628,3.4
18085,1118,2.7
18087,502,2.5
18089,11581,5
18091,2103,4.4
18093,901,4.3
18095,2299,3.9
18097,17233,3.6
18099,715,3
18101,151,2.9
18103,613,3.9
18105,2452,3.6
18107,572,3
18109,1244,3.5
18111,334,4.7
18113,703,3
18115,113,3.6
18117,341,3.9
18119,394,4.3
18121,284,4
18123,349,3.8
18125,212,3.3
18127,3440,4
18129,400,3
18131,218,3.4
18133,595,3.6
18135,481,4.1
18137,491,3.5
18139,269,3
18141,4745,3.5
18143,391,3.7
18145,751,3.3
18147,360,3.3
18149,453,4.3
18151,573,2.9
18153,374,4.4
18155,197,3.9
18157,3028,3.2
18159,257,3
18161,110,3.1
18163,2998,3.2
18165,380,5.3
18167,2032,4.2
18169,520,3.4
18171,136,3.3
18173,1011,3.1
18175,501,3.7
18177,1139,3.7
18179,411,2.9
18181,432,3.2
18183,500,2.9
19000,52142,3.1
19001,115,2.8
19003,50,2.3
19005,299,4
19007,228,3.8
19009,97,3.1
19011,437,3.3
19013,2566,3.7
19015,362,2.4
19017,385,2.8
19019,354,3.2
19021,301,2.6
19023,282,3.6
19025,130,3
19027,252,2.3
19029,256,3.6
19031,312,2.9
19033,710,3
19035,152,2.5
19037,203,3.2
19039,149,3.1
19041,319,3.7
19043,401,3.9
19045,940,4
19047,338,4.1
19049,998,2.1
19051,142,3.3
19053,113,2.6
19055,279,2.6
19057,829,4.2
19059,369,3.6
19061,1624,3
19063,172,3.2
19065,381,3.6
19067,282,3.2
19069,158,2.7
19071,99,2.6
19073,149,2.7
19075,190,2.9
19077,178,3.2
19079,228,3.2
19081,159,2.6
19083,270,3.2
19085,200,2.7
19087,288,3
19089,153,3
19091,159,3
19093,94,2.3
19095,272,2.6
19097,369,3.4
19099,602,3.1
19101,281,3.1
19103,2115,2.5
19105,384,3.6
19107,186,3.6
19109,207,2.4
19111,881,5.4
19113,3969,3.3
19115,199,3.3
19117,122,2.8
19119,122,1.7
19121,299,3.6
19123,372,3.2
19125,456,2.6
19127,835,4.6
19129,201,2.7
19131,123,2.1
19133,164,3.6
19135,148,3.8
19137,155,3.1
19139,717,3.3
19141,193,2.4
19143,75,2.1
19145,246,3.9
19147,131,2.7
19149,350,2.4
19151,100,2.4
19153,7960,3.1
19155,1326,2.8
19157,325,3.1
19159,78,3.1
19161,150,2.8
19163,3145,3.6
19165,159,2.4
19167,408,2
19169,1136,2
19171,332,3.5
19173,72,2.2
19175,200,3.1
19177,113,3
19179,800,4.5
19181,748,2.7
19183,358,2.9
19185,85,3.1
19187,722,3.7
19189,163,3.1
19191,363,3.1
19193,1723,3.2
19195,127,3
19197,224,3.4
20000,53737,3.6
20001,305,4.8
20003,163,3.9
20005,365,5.2
20007,69,2.8
20009,507,3.6
20011,310,4.4
20013,171,3.2
20015,1192,3.8
20017,37,2.6
20019,68,4.7
20021,394,3.9
20023,33,2.5
20025,27,2.5
20027,142,3.7
20029,167,4.3
20031,215,5.2
20033,26,2.9
20035,642,3.8
20037,800,4.2
20039,40,3.1
20041,352,3.8
20043,146,3.5
20045,2082,3.2
20047,47,3.1
20049,50,4.2
20051,425,2.5
20053,83,3.1
20055,550,2.7
20057,503,2.8
20059,528,3.7
20061,567,4.9
20063,33,2.3
20065,40,3.6
20067,111,3.2
20069,67,2
20071,16,1.8
20073,135,4.2
20075,38,2.3
20077,98,3.7
20079,687,4.1
20081,50,2.2
20083,25,2.5
20085,226,3.1
20087,360,3.5
20089,45,3.5
20091,10102,3
20093,51,2.5
20095,125,3.7
20097,34,2.5
20099,466,4.5
20101,26,3.3
20103,1418,3.9
20105,48,2.8
20107,258,5.8
20109,35,2.1
20111,635,3.8
20113,449,2.7
20115,226,3.6
20117,153,2.8
20119,56,2.5
20121,646,3.7
20123,94,2.7
20125,784,5.2
20127,94,3.1
20129,45,3.8
20131,133,2.4
20133,317,5.2
20135,39,2.9
20137,63,2.2
20139,314,3.9
20141,55,2.7
20143,94,3.1
20145,101,3.3
20147,83,3
20149,375,3.1
20151,161,3.2
20153,33,2.3
20155,1161,3.9
20157,69,2.8
20159,172,3.2
20161,1070,3
20163,96,3.8
20165,53,3.2
20167,117,3.3
20169,978,3.2
20171,62,2.2
20173,10384,4.2
20175,343,3.5
20177,3337,3.7
20179,31,2.3
20181,83,2.9
20183,55,2.8
20185,66,3.3
20187,28,2.8
20189,85,3.2
20191,407,3.8
20193,109,2.6
20195,48,3.3
20197,116,3.2
20199,22,2.6
20201,87,2.9
20203,28,2.4
20205,188,4.7
20207,70,4.4
20209,4025,5.2
21000,97533,4.8
21001,422,5.9
21003,360,4
21005,469,4
21007,271,7.5
21009,855,4.5
21011,364,7.7
21013,667,7.7
21015,2625,3.8
21017,442,4.5
21019,1278,7
21021,621,4.9
21023,217,5.7
21025,320,8.6
21027,468,5.8
21029,1721,4.1
21031,278,5.4
21033,277,5.2
21035,806,4.3
21037,1832,3.7
21039,161,6.8
21041,226,4.5
21043,950,9.6
21045,315,4.7
21047,1463,6
21049,780,4.5
21051,460,8.6
21053,246,6.4
21055,214,5.4
21057,152,5.2
21059,2038,4.3
21061,284,5.9
21063,219,10.4
21065,312,5.8
21067,6205,3.5
21069,359,5.9
21071,916,8.1
21073,990,4
21075,145,7
21077,178,4.4
21079,365,4.8
21081,552,4.8
21083,914,5.8
21085,647,5.9
21087,233,4.5
21089,1019,7.5
21091,202,4.9
21093,2176,4.5
21095,629,9.7
21097,391,4.5
21099,350,4.3
21101,974,4.4
21103,326,4
21105,133,7.3
21107,945,4.9
21109,338,8.3
21111,17016,4.3
21113,976,3.7
21115,581,8.4
21117,3348,3.9
21119,374,8.3
21121,745,7.4
21123,276,4.6
21125,1411,5.7
21127,443,8.9
21129,157,8.3
21131,269,9.9
21133,575,9.2
21135,424,9
21137,517,5.5
21139,276,7.4
21141,521,4.3
21143,170,5.7
21145,1754,5.9
21147,315,6.7
21149,224,5.2
21151,1926,4.2
21153,474,15.9
21155,384,4.1
21157,871,5.8
21159,229,7.5
21161,439,6.1
21163,615,5
21165,201,8.5
21167,478,4.8
21169,167,4
21171,180,3.8
21173,756,6.5
21175,325,7.2
21177,760,6.8
21179,957,4.3
21181,181,5.5
21183,604,6.2
21185,1124,3.4
21187,234,4.3
21189,89,8.1
21191,321,4.6
21193,679,8.1
21195,1539,7.6
21197,326,6.5
21199,1393,5.5
21201,50,6.1
21203,375,5.7
21205,602,5.7
21207,435,7
21209,1026,3.6
21211,867,3.5
21213,388,4.5
21215,372,3.7
21217,548,4.3
21219,219,4.1
21221,330,5.6
21223,189,4.9
21225,357,5.9
21227,2528,4
21229,252,4.1
21231,561,7.6
21233,295,5.1
21235,773,5.6
21237,172,8.9
21239,474,3.2
22000,108102,5.1
22001,1422,5.9
22003,473,5.3
22005,2685,4.3
22007,658,7.3
22009,958,6.1
22011,786,5.3
22013,338,6
22015,2575,4.5
22017,6081,5.8
22019,4303,4
22021,220,5.7
22023,144,3.6
22025,242,7
22027,313,5.3
22029,563,7.9
22031,655,6.1
22033,10200,4.4
22035,229,11.1
22037,384,4.8
22039,742,5.9
22041,546,7.5
22043,516,6.3
22045,2117,7.3
22047,874,6.2
22049,316,4.5
22051,9762,4.5
22053,665,4.9
22055,5535,4.9
22057,2183,5.2
22059,289,4.7
22061,1118,5.2
22063,2860,4.2
22065,306,8.1
22067,827,8
22069,979,6
22071,9209,5.1
22073,3719,5.3
22075,467,4.7
22077,559,5.6
22079,3153,5.6
22081,201,5.2
22083,510,6.1
22085,487,5.5
22087,1024,5.2
22089,1123,4.5
22091,287,6.6
22093,625,6.7
22095,1214,6.1
22097,2143,6.7
22099,1371,6.1
22101,1604,7.9
22103,5031,4.3
22105,3131,5.7
22107,132,8.5
22109,2663,5.7
22111,512,5.6
22113,1454,6
22115,1068,6.5
22117,979,5.8
22119,1014,6.9
22121,620,4.6
22123,391,9.8
22125,222,4.2
22127,326,6.4
23000,23598,3.4
23001,1786,3.2
23003,1550,4.9
23005,4328,2.6
23007,600,4.1
23009,1143,3.9
23011,2086,3.3
23013,667,3.2
23015,564,3.3
23017,1042,3.9
23019,2950,3.8
23021,308,4.1
23023,536,2.8
23025,1146,5
23027,781,3.7
23029,708,5
23031,3406,3
24000,130740,4.1
24001,1830,5.7
24003,10831,3.5
24005,19214,4.3
24009,1763,3.6
24011,757,4.2
24013,3137,3.3
24015,2496,4.7
24017,3362,3.9
24019,880,5.6
24021,4709,3.6
24023,793,5.1
24025,5295,3.8
24027,5653,3.1
24029,448,4.4
24031,18059,3.3
24033,20887,4.1
24035,986,3.6
24037,2161,3.9
24039,627,6.8
24041,769,3.9
24043,3448,4.6
24045,2861,5.6
24047,2142,8.4
24510,17634,6.1
25000,140526,3.8
25001,5389,4.8
25003,2919,4.5
25005,14358,4.9
25007,477,5
25009,16223,3.9
25011,1377,3.4
25013,11675,5.2
25015,3137,3.5
25017,27930,3.1
25019,326,4.5
25021,12889,3.4
25023,11040,4
25025,15284,3.5
25027,17502,4
26000,224303,4.6
26001,273,7.1
26003,272,8.3
26005,2295,3.7
26007,775,5.7
26009,659,6.5
26011,484,8
26013,245,7.7
26015,1224,3.9
26017,2798,5.5
26019,571,6.5
26021,3560,4.8
26023,881,4.6
26025,3105,4.9
26027,1109,4.6
26029,725,5.5
26031,1076,10
26033,1247,7.6
26035,829,6.9
26037,1478,3.6
26039,374,6.9
26041,1064,6.2
26043,589,4.7
26045,2331,4.1
26047,1142,6.5
26049,10231,5.7
26051,641,6.5
26053,374,5.9
26055,2056,4.2
26057,964,5.4
26059,1020,4.9
26061,972,5.9
26063,800,5.1
26065,6435,4.3
26067,1171,3.9
26069,741,7.3
26071,329,6.4
26073,1565,4.4
26075,3411,4.6
26077,5298,4
26079,542,6.9
26081,12203,3.4
26083,78,8.7
26085,302,8.1
26087,2238,5.5
26089,501,4.8
26091,2207,4.7
26093,3421,3.4
26095,164,6.8
26097,523,10.1
26099,19252,4.3
26101,674,6.5
26103,1824,5.5
26105,802,5.7
26107,1068,5.7
26109,530,4.8
26111,1866,4.6
26113,403,5.8
26115,3588,4.7
26117,1398,5
26119,318,10.4
26121,4117,5.3
26123,1141,4.9
26125,23211,3.5
26127,861,7
26129,623,7.6
26131,189,8.7
26133,631,5.9
26135,213,7.3
26137,695,6
26139,5149,3.3
26141,476,9.2
26143,688,8.8
26145,4701,5.4
26147,3806,5.1
26149,1202,4.2
26151,1127,5.8
26153,278,8.3
26155,1710,5.1
26157,1479,6.2
26159,1996,5.7
26161,6790,3.5
26163,43388,5.5
26165,819,5.5
27000,105017,3.4
27001,444,6.2
27003,6494,3.3
27005,770,4.2
27007,1147,4.9
27009,875,4
27011,113,4.4
27013,1160,2.9
27015,531,3.7
27017,835,4.7
27019,1668,2.9
27021,851,5.9
27023,273,4
27025,1163,4
27027,1139,3.2
27029,402,8.8
27031,119,3.8
27033,296,5.2
27035,1429,4.4
27037,7173,3
27039,392,3.4
27041,649,3.2
27043,297,4.2
27045,398,3.5
27047,586,3.6
27049,862,3.2
27051,134,4.1
27053,21058,3
27055,357,3.4
27057,549,5.6
27059,899,4.3
27061,1508,7
27063,208,3.6
27065,547,6.1
27067,804,3.2
27069,88,3.7
27071,422,7.1
27073,121,3.4
27075,212,3.9
27077,111,4.7
27079,736,4.7
27081,107,3.2
27083,475,3.2
27085,736,3.8
27087,118,5
27089,378,6.9
27091,356,3.4
27093,533,4
27095,704,5.5
27097,935,5.3
27099,577,2.8
27101,213,4.4
27103,520,2.5
27105,358,3.2
27107,159,4.7
27109,2326,2.7
27111,1246,4
27113,495,5.6
27115,850,5.7
27117,161,3.3
27119,710,4.2
27121,194,3.1
27123,9229,3.2
27125,148,6.6
27127,311,4.1
27129,390,4.4
27131,1154,3.2
27133,122,2.1
27135,395,4.9
27137,4710,4.6
27139,2368,2.9
27141,1909,3.7
27143,300,3.6
27145,3032,3.4
27147,688,3.4
27149,145,2.6
27151,206,4.1
27153,529,3.9
27155,63,3.6
27157,404,3.3
27159,323,5.5
27161,359,3.9
27163,4202,3
27165,279,4.3
27167,110,3.1
27169,895,3.1
27171,2597,3.5
27173,184,3.4
28000,66523,5.2
28001,839,7.5
28003,726,4.5
28005,309,6.9
28007,431,6.2
28009,174,5.7
28011,847,6.6
28013,270,4.8
28015,211,6
28017,379,5.4
28019,184,5.1
28021,303,10
28023,380,6.2
28025,538,7
28027,657,7.6
28029,656,5.8
28031,400,4.9
28033,3487,3.9
28035,1662,5
28037,199,7
28039,648,7.3
28041,335,7.7
28043,453,4.7
28045,1066,5.7
28047,4284,5
28049,5431,5
28051,560,9.6
28053,213,9.7
28055,48,12.2
28057,452,4.3
28059,3550,6.1
28061,408,6.7
28063,317,14.9
28065,296,7
28067,1347,5.3
28069,286,8
28071,1171,4.3
28073,1182,3.9
28075,1734,5.5
28077,313,6.7
28079,445,5.9
28081,1690,4.1
28083,773,7.6
28085,776,5.3
28087,1389,5.5
28089,2120,4
28091,575,5.6
28093,761,5.3
28095,823,5.3
28097,217,5.2
28099,550,5.3
28101,464,5.2
28103,292,7.5
28105,1133,5.1
28107,900,6.9
28109,1266,5.4
28111,280,6.5
28113,901,6.2
28115,579,4
28117,522,4.7
28119,222,9.1
28121,2786,3.7
28123,551,4.2
28125,132,8.2
28127,547,5
28129,328,4.9
28131,412,6.3
28133,677,8.5
28135,301,5.5
28137,628,5.2
28139,433,4.6
28141,424,5.1
28143,271,6.1
28145,516,3.7
28147,350,6.9
28149,1203,5.8
28151,1300,7.3
28153,480,6.5
28155,208,5.4
28157,256,9
28159,445,6.2
28161,283,5.6
28163,568,6.3
29000,115269,3.8
29001,448,4.3
29003,314,3.2
29005,100,3.5
29007,386,3.5
29009,519,3.4
29011,217,4.2
29013,356,4.5
29015,373,5.1
29017,242,4.4
29019,2562,2.6
29021,1610,3.6
29023,838,4.5
29025,180,4.1
29027,749,3.5
29029,906,4.8
29031,1385,3.5
29033,195,4.1
29035,149,5.9
29037,1913,3.5
29039,234,4.1
29041,133,3.5
29043,1343,3.1
29045,180,5.6
29047,4892,3.6
29049,435,4
29051,1143,2.9
29053,272,3.6
29055,500,4.6
29057,122,3.4
29059,328,4.7
29061,136,3.3
29063,191,3.9
29065,259,4.2
29067,235,4.6
29069,809,6.5
29071,1901,3.6
29073,301,3.9
29075,103,2.8
29077,4533,3.1
29079,171,3.6
29081,138,3.5
29083,408,4.1
29085,168,4.5
29087,78,2.9
29089,194,3.8
29091,757,4.8
29093,231,6.4
29095,16017,4.4
29097,1922,3.4
29099,4171,3.6
29101,1025,4.4
29103,64,3.2
29105,790,4.8
29107,642,3.8
29109,634,3.5
29111,175,3.4
29113,984,3.6
29115,307,5.8
29117,220,2.9
29119,380,3.7
29121,275,3.6
29123,247,4.5
29125,169,4.3
29127,522,3.6
29129,73,3.8
29131,535,4.5
29133,304,5
29135,267,3.6
29137,174,4.3
29139,186,3.3
29141,391,4.9
29143,528,6.6
29145,999,3.7
29147,383,3.6
29149,185,4.6
29151,213,3
29153,208,5.8
29155,490,7.5
29157,269,2.7
29159,870,4.2
29161,737,3.7
29163,273,3.4
29165,1843,3.2
29167,568,4
29169,631,4.3
29171,93,3.8
29173,176,3.1
29175,466,4.5
29177,537,4.8
29179,122,3.9
29181,291,5.5
29183,6367,2.9
29185,198,5.1
29186,326,3.6
29187,1172,4.4
29189,18116,3.4
29195,380,3.6
29197,95,4.9
29199,77,3.1
29201,897,4.5
29203,199,6.1
29205,107,3.5
29207,669,5.1
29209,766,5.5
29211,112,4.1
29213,1629,6
29215,466,5
29217,367,3.8
29219,564,3.2
29221,558,5.4
29223,282,5.1
29225,654,3.9
29227,30,2.5
29229,378,5
29510,6869,4.5
30000,21510,4.1
30001,160,3.2
30003,754,13.6
30005,99,4.2
30007,125,4.8
30009,203,3.7
30011,18,2.6
30013,1445,3.8
30015,83,3.3
30017,198,3.2
30019,21,2.3
30021,147,3.1
30023,186,3.6
30025,47,2.7
30027,236,4.1
30029,2505,5.3
30031,1814,2.8
30033,22,2.9
30035,463,8.1
30037,19,5.1
30039,96,5.9
30041,301,3.9
30043,246,4.4
30045,34,3.7
30047,599,4.6
30049,1240,3.5
30051,30,3.1
30053,680,8.6
30055,22,2.2
30057,174,4
30059,41,4.4
30061,129,7.6
30063,2296,3.7
30065,104,4.5
30067,344,4
30069,13,4.5
30071,88,4.6
30073,107,3.9
30075,26,2.6
30077,127,4.4
30079,18,3.7
30081,943,4.8
30083,231,3.9
30085,216,4.7
30087,211,5.2
30089,339,7.1
30091,51,2.7
30093,733,4.3
30095,190,3.9
30097,57,3.2
30099,111,4
30101,66,3.1
30103,13,3.8
30105,139,3.3
30107,35,4.5
30109,16,3.3
30111,2899,3.6
31000,29905,2.9
31001,517,3.1
31003,89,2.5
31005,13,5.9
31007,14,3.6
31009,11,4.2
31011,72,2.5
31013,180,3.3
31015,36,3.3
31017,46,3.3
31019,664,2.4
31021,129,3.7
31023,128,2.8
31025,418,3.2
31027,100,2.2
31029,43,1.9
31031,79,2.3
31033,147,2.9
31035,102,3.1
31037,136,2.4
31039,129,2.7
31041,138,2.2
31043,434,4.1
31045,141,2.7
31047,372,2.9
31049,27,2.6
31051,95,3.1
31053,546,2.8
31055,9310,3.2
31057,28,2.4
31059,78,2.5
31061,44,3
31063,40,2.6
31065,65,2.4
31067,383,3.5
31069,33,2.8
31071,30,2.6
31073,28,2.7
31075,10,2.3
31077,37,3
31079,1088,3.4
31081,118,2.5
31083,45,2.5
31085,14,2.4
31087,43,3.4
31089,141,2.4
31091,15,3.8
31093,102,3.1
31095,102,2.4
31097,70,3.4
31099,83,2.2
31101,139,3
31103,15,2.5
31105,56,2.8
31107,163,3.5
31109,4543,2.7
31111,564,3
31113,13,2.8
31115,12,3
31117,10,2.2
31119,507,2.6
31121,113,2.8
31123,77,2.9
31125,50,2.5
31127,141,3.9
31129,63,2.7
31131,273,3.3
31133,46,3.1
31135,35,1.9
31137,114,2.3
31139,112,2.7
31141,497,2.9
31143,69,2.4
31145,149,2.5
31147,137,3.2
31149,23,2.5
31151,229,3.1
31153,2612,2.8
31155,305,2.8
31157,633,3.4
31159,232,2.7
31161,72,2.6
31163,49,2.9
31165,22,2.9
31167,99,2.8
31169,64,2.2
31171,14,3.2
31173,150,5
31175,56,2.6
31177,347,3.1
31179,136,2.4
31181,49,2.9
31183,13,2.2
31185,188,2.6
32000,72925,5
32001,470,4.5
32003,55768,5.2
32005,1079,4.8
32007,987,3.7
32009,20,4.1
32011,31,3
32013,342,4.3
32015,141,4.5
32017,96,4.8
32019,1301,6
32021,108,5.5
32023,1035,6.4
32027,116,4.6
32029,96,5
32031,9884,4.2
32033,181,4.1
32510,1272,5
33000,21171,2.8
33001,859,2.8
33003,655,2.8
33005,1107,2.7
33007,518,3.6
33009,1126,2.3
33011,6955,3
33013,2025,2.5
33015,5571,3
33017,1815,2.5
33019,538,2.3
34000,202032,4.5
34001,8411,7.1
34003,18142,3.8
34005,9232,4
34007,12622,5
34009,4174,9
34011,4459,6.8
34013,20370,5.5
34015,6890,4.6
34017,15363,4.2
34019,2203,3.4
34021,7896,4
34023,17486,4
34025,13121,4
34027,9097,3.5
34029,12637,4.7
34031,13549,5.6
34033,1762,6
34035,6350,3.7
34037,3176,4.3
34039,12810,4.6
34041,2282,4.1
35000,57521,6.1
35001,17920,5.4
35003,81,6.9
35005,1762,6.4
35006,704,7.7
35007,340,5.9
35009,1065,4.7
35011,39,4.6
35013,6492,6.7
35015,1520,5.2
35017,742,6
35019,107,6.5
35021,17,6
35023,109,5.1
35025,1818,6.5
35027,479,5.5
35028,350,3.8
35029,1477,13.9
35031,2087,8.5
35033,175,7.9
35035,1519,6
35037,199,6.1
35039,1070,6.3
35041,415,5.1
35043,3965,6.1
35045,4057,7.5
35047,812,7.3
35049,3724,5
35051,324,7.7
35053,421,6.3
35055,1188,7.8
35057,477,8.5
35059,72,3.7
35061,1997,6.6
36000,442918,4.6
36001,6651,4.2
36003,1297,6.6
36005,37364,6.2
36007,4682,5.5
36009,2115,6.2
36011,1793,5
36013,3305,6
36015,1957,5.5
36017,1188,5.3
36019,1895,5.2
36021,1173,3.8
36023,1321,5.8
36025,1043,5.5
36027,6109,4.3
36029,22802,5.1
36031,935,5.5
36033,1189,6
36035,1328,5.7
36037,1404,4.8
36039,1063,5.2
36041,171,7.4
36043,1589,5.7
36045,2914,6.5
36047,55912,4.6
36049,766,6.6
36051,1534,5
36053,1777,5.5
36055,17742,4.9
36057,1281,5.7
36059,28652,4.1
36061,36791,4
36063,6125,6.2
36065,5060,5
36067,10220,4.7
36069,2447,4.5
36071,8163,4.5
36073,1028,5.9
36075,3393,6.4
36077,1397,5
36079,2125,4.2
36081,45819,3.9
36083,3575,4.4
36085,10085,4.6
36087,6623,4.3
36089,2876,6.6
36091,4674,4
36093,3381,4.5
36095,799,5.5
36097,474,5.8
36099,728,4.5
36101,2431,5.7
36103,34578,4.5
36105,1672,4.9
36107,1162,5.1
36109,2153,4.3
36111,3984,4.5
36113,1672,5.3
36115,1300,4.6
36117,2158,4.9
36119,21571,4.5
36121,1002,5.6
36123,507,4.4
37000,222948,4.5
37001,3403,4.3
37003,655,3.6
37005,221,5.1
37007,544,5.2
37009,521,4.1
37011,327,4.3
37013,1011,5.1
37015,478,5.9
37017,842,5.8
37019,2909,5.7
37021,4714,3.5
37023,1699,4.2
37025,4345,4.2
37027,1629,4.5
37029,206,4.4
37031,1418,4.4
37033,461,4.7
37035,3270,4.2
37037,1326,3.9
37039,557,5
37041,297,5.3
37043,197,5
37045,2199,4.6
37047,1219,5.5
37049,1939,4.7
37051,7344,5.8
37053,591,4.4
37055,1183,5.9
37057,3422,4.3
37059,812,4
37061,1239,4.9
37063,6698,4.1
37065,1691,7.7
37067,8084,4.4
37069,1407,4.7
37071,4988,4.6
37073,234,4.4
37075,213,6.8
37077,1147,3.8
37079,424,4.4
37081,12425,4.8
37083,1499,7.3
37085,2688,5.1
37087,1166,4
37089,2040,3.8
37091,529,5.8
37093,1150,5.8
37095,176,8.4
37097,3679,4.3
37099,912,4.8
37101,3923,4.2
37103,196,4.5
37105,1361,5.1
37107,1249,4.5
37109,1691,4
37111,851,4.1
37113,708,4.7
37115,425,4.3
37117,539,5.6
37119,25890,4.3
37121,317,5.2
37123,535,4.6
37125,1787,4.5
37127,2633,6
37129,4933,4.1
37131,483,6.2
37133,3390,5.3
37135,2900,3.8
37137,249,4.6
37139,961,5.5
37141,1295,4.6
37143,290,5.7
37145,841,4.7
37147,4353,4.9
37149,371,4.2
37151,2917,4.4
37153,1006,6
37155,3271,6.5
37157,2107,5.2
37159,3048,4.7
37161,1493,6.1
37163,1400,4.8
37165,884,7.7
37167,1229,4.1
37169,918,4.2
37171,1403,4.2
37173,347,5.1
37175,613,4.3
37177,114,7.6
37179,4779,4
37181,1112,6.2
37183,22425,3.9
37185,467,6.9
37187,315,6.6
37189,1162,4.1
37191,2690,5
37193,1318,4.3
37195,2602,7.2
37197,698,4
37199,339,4.6
38000,10965,2.7
38001,28,2.5
38003,153,2.8
38005,87,3.6
38007,14,3.2
38009,104,3.3
38011,31,1.8
38013,34,3.1
38015,1248,2.5
38017,2182,2.1
38019,55,2.7
38021,44,1.8
38023,26,1.6
38025,69,2.2
38027,61,4.8
38029,63,4.1
38031,41,2.5
38033,20,2.1
38035,871,2.2
38037,38,3
38039,33,2.9
38041,29,2
38043,49,3.6
38045,44,1.9
38047,25,2.6
38049,142,4.3
38051,32,2.6
38053,206,2.5
38055,160,3.2
38057,181,4.1
38059,520,3.1
38061,146,2.1
38063,47,3.2
38065,38,4.2
38067,149,4.2
38069,61,3.2
38071,160,2.7
38073,55,2
38075,33,2.6
38077,213,2.4
38079,507,10.5
38081,49,2.1
38083,33,4.5
38085,49,3.8
38087,9,2.1
38089,493,2.7
38091,18,1.7
38093,262,2.4
38095,32,2.6
38097,114,2.5
38099,190,3.4
38101,1072,3.3
38103,70,3.3
38105,579,2.5
39000,288370,5
39001,784,7.2
39003,2429,5
39005,1294,4.9
39007,2610,5.9
39009,1720,6
39011,914,3.7
39013,1928,6.3
39015,1118,5.7
39017,8552,4.4
39019,777,5.8
39021,822,4.1
39023,3095,4.8
39025,4630,4.4
39027,957,5.5
39029,2846,5.9
39031,1001,6.8
39033,1084,5.7
39035,35425,5.7
39037,1106,4.2
39039,896,4.9
39041,3816,3.5
39043,2339,6.1
39045,3305,4.3
39047,610,4.2
39049,27775,4.1
39051,1105,4.9
39053,814,6.6
39055,2314,4.7
39057,3520,4.3
39059,1144,6
39061,18023,4.4
39063,1507,3.6
39065,711,4.9
39067,427,6
39069,702,5.2
39071,1022,5.9
39073,712,5.4
39075,738,3.5
39077,1808,6.4
39079,921,7.1
39081,2049,7.3
39083,1411,4.5
39085,6390,5.1
39087,1430,5.9
39089,3763,4.2
39091,961,4.1
39093,9325,6.1
39095,12399,5.9
39097,802,3.9
39099,7239,6.9
39101,1420,5
39103,4512,4.6
39105,732,8.1
39107,722,3.1
39109,2275,4.2
39111,434,8.4
39113,12312,4.9
39115,455,6.8
39117,830,4.9
39119,2259,5.7
39121,344,7.2
39123,1429,6.7
39125,393,4.4
39127,964,6
39129,1227,4.7
39131,759,7
39133,4412,5
39135,946,4.4
39137,671,3.5
39139,2907,5.4
39141,1755,5.1
39143,1485,4.7
39145,2094,7
39147,1299,4.7
39149,995,4.1
39151,9766,5.2
39153,13877,5.1
39155,6421,7.2
39157,2281,5
39159,1062,3.7
39161,569,3.9
39163,375,6.8
39165,4797,4.1
39167,1708,6.2
39169,2411,3.9
39171,833,4.4
39173,3110,4.4
39175,468,3.7
40000,73753,4
40001,386,4.7
40003,74,2.5
40005,260,5
40007,74,2.4
40009,413,3.7
40011,122,2.6
40013,740,3.6
40015,516,4.2
40017,2364,3.3
40019,959,4.3
40021,976,5.1
40023,333,5.8
40025,32,2.3
40027,4644,3.3
40029,115,5.1
40031,2038,4.2
40033,107,3.8
40035,251,4.1
40037,1487,4.7
40039,471,3.1
40041,772,4.2
40043,69,2.7
40045,67,3
40047,1015,3.7
40049,498,3.9
40051,998,3.8
40053,70,2.4
40055,102,5
40057,46,3.6
40059,54,2.9
40061,272,6.2
40063,285,5.3
40065,388,3.6
40067,131,5.3
40069,189,3.8
40071,983,5.1
40073,228,2.6
40075,195,5
40077,240,7.1
40079,1059,5.5
40081,650,4.1
40083,755,3.5
40085,185,2.8
40087,642,3.3
40089,877,6
40091,506,7.3
40093,120,3
40095,290,4.4
40097,861,4.5
40099,225,3.5
40101,1422,4.8
40103,179,3.1
40105,236,5.1
40107,254,5.7
40109,14285,3.8
40111,949,6
40113,1013,4.9
40115,595,4.1
40117,374,5.1
40119,1311,3.4
40121,884,5
40123,662,3.6
40125,1289,3.9
40127,277,5.9
40129,58,3.1
40131,1858,4.2
40133,508,5.4
40135,858,5.2
40137,1063,5.9
40139,276,2.9
40141,131,4
40143,12901,4
40145,1532,4.1
40147,991,4.3
40149,224,4.2
40151,121,2.5
40153,369,3.9
41000,84426,4.1
41001,375,5.4
41003,1537,3.2
41005,7944,3.7
41007,775,4
41009,1223,5.1
41011,1426,5.4
41013,585,6.2
41015,533,6
41017,3876,4.2
41019,2423,5.3
41021,36,4.2
41023,211,6.8
41025,209,6.2
41027,504,3.5
41029,4795,4.7
41031,548,5.5
41033,1847,5.3
41035,1712,5.8
41037,196,5.6
41039,7911,4.4
41041,988,4.7
41043,2691,4.7
41045,571,4.6
41047,6803,4.3
41049,249,4.3
41051,16156,3.6
41053,1674,4.3
41055,42,4.7
41057,490,4.2
41059,1735,4.7
41061,617,5.2
41063,183,5.5
41065,563,4.1
41067,10984,3.4
41069,28,3.8
41071,1990,3.7
42000,320134,5
42001,2062,3.7
42003,31081,4.8
42005,2023,6.3
42007,4756,5.6
42009,1247,5.3
42011,9938,4.7
42013,2947,4.9
42015,1528,5.2
42017,14687,4.3
42019,4577,4.6
42021,3653,6.1
42023,153,7
42025,1778,5.6
42027,2964,3.8
42029,10265,3.7
42031,1014,5.7
42033,2154,6
42035,1141,6.2
42037,1774,5.3
42039,2199,5.6
42041,5039,3.9
42043,6519,4.6
42045,13554,4.6
42047,785,4.9
42049,7640,5.8
42051,4038,7
42053,124,6.8
42055,3459,4.5
42057,374,5.2
42059,1005,6
42061,1202,6.1
42063,2321,5.9
42065,1162,5.7
42067,577,4.7
42069,5527,5.2
42071,10893,3.9
42073,2498,6.2
42075,2969,4.2
42077,9660,5.1
42079,9478,6
42081,3282,5.7
42083,1125,6.2
42085,2810,5.5
42087,1116,5.4
42089,4896,6
42091,17574,3.9
42093,356,3.9
42095,7902,5
42097,2510,5.8
42099,1056,4.4
42101,44744,6.3
42103,1491,6
42105,480,6.6
42107,3930,5.9
42109,927,4.5
42111,2065,6.1
42113,163,6.1
42115,989,4.8
42117,1157,6.1
42119,871,4.4
42121,1421,6.2
42123,1034,5.4
42125,5649,5.3
42127,1162,5.2
42129,9506,5.3
42131,741,5.4
42133,10414,4.4
44000,25038,4.5
44001,1012,3.9
44003,3744,4.1
44005,1758,3.9
44007,15727,4.8
44009,2798,4
45000,96477,4.2
45001,448,4.5
45003,2967,4
45005,182,6.8
45007,3430,3.9
45009,375,7.3
45011,472,5.9
45013,2958,4
45015,3729,3.8
45017,344,5.1
45019,6972,3.4
45021,1155,4.9
45023,796,6
45025,908,4.2
45027,722,5.9
45029,779,4.7
45031,1538,5.2
45033,696,5.6
45035,2795,3.8
45037,472,4.5
45039,714,7.2
45041,2893,4.4
45043,1359,5.5
45045,8878,3.6
45047,1357,4.4
45049,353,4.4
45051,7050,4.9
45053,435,3.6
45055,1285,4.4
45057,1792,4.6
45059,1280,4.3
45061,373,5.9
45063,5225,3.5
45065,149,4.4
45067,900,7.3
45069,585,6.4
45071,751,4.1
45073,1457,4.3
45075,2424,7
45077,2269,4.1
45079,8281,4.2
45081,340,3.9
45083,5758,4
45085,2240,5.1
45087,608,5.3
45089,755,6.3
45091,5230,3.9
46000,14170,3.1
46003,41,2.7
46005,251,2.7
46007,46,4.1
46009,81,2.8
46011,555,2.9
46013,589,2.8
46015,70,2.8
46017,50,7.1
46019,168,3.3
46021,27,3.2
46023,134,3.4
46025,82,4.3
46027,219,3.1
46029,479,3.1
46031,56,3.9
46033,163,4
46035,300,2.7
46037,108,3.8
46039,101,4.6
46041,214,9.5
46043,45,2.8
46045,56,2.6
46047,113,3.8
46049,32,2.9
46051,148,3.3
46053,68,3.3
46055,29,2.6
46057,108,3.4
46059,42,2.3
46061,68,3.8
46063,20,2.8
46065,260,2.6
46067,104,2.9
46069,20,2.9
46071,71,5.4
46073,26,2.3
46075,15,2.7
46077,80,3
46079,235,3.6
46081,402,3.1
46083,767,2.3
46085,82,4.7
46087,81,2.6
46089,34,3.2
46091,102,4.2
46093,449,3.2
46095,35,4.6
46097,33,2.8
46099,2920,2.7
46101,139,3.5
46102,395,10.9
46103,1771,3.2
46105,43,2.7
46107,35,3.1
46109,219,4.5
46111,39,3.3
46115,104,3.2
46117,59,3.2
46119,25,3
46121,196,6.2
46123,81,2.7
46125,142,3
46127,274,3.4
46129,108,4.8
46135,318,2.7
46137,47,5
47000,118881,3.7
47001,1329,3.9
47003,806,3.9
47005,361,5.4
47007,251,5.9
47009,2162,3.5
47011,1842,3.6
47013,758,5.2
47015,219,3.5
47017,612,5.1
47019,1083,4.5
47021,636,3.1
47023,330,4
47025,598,4.7
47027,155,5.1
47029,764,5.2
47031,910,3.7
47033,287,4.1
47035,1086,4.7
47037,10717,2.8
47039,242,5.2
47041,367,4.8
47043,853,3.3
47045,777,4.8
47047,741,4
47049,320,4.5
47051,748,3.8
47053,971,4.6
47055,528,3.4
47057,395,4.2
47059,1381,4.6
47061,241,5
47063,1100,4
47065,6422,3.6
47067,118,5.8
47069,478,5.2
47071,489,4.7
47073,1005,4.3
47075,405,5.2
47077,610,5.1
47079,633,4.5
47081,371,3.4
47083,186,5.8
47085,380,4.3
47087,245,5.3
47089,964,4
47091,297,3.9
47093,7511,3.2
47095,103,5.6
47097,541,5.8
47099,779,4.4
47101,225,4.6
47103,530,3.3
47105,831,3.7
47107,989,4.4
47109,480,5.6
47111,366,3.4
47113,1885,3.9
47115,584,4.9
47117,525,3.5
47119,1489,3.2
47121,261,5.2
47123,787,4
47125,3344,4.1
47127,108,3.1
47129,381,4.9
47131,669,5.5
47133,393,4.1
47135,156,4.8
47137,108,4.4
47139,334,4.5
47141,1291,3.8
47143,855,6.5
47145,1008,4.4
47147,1225,3.4
47149,4979,2.9
47151,415,5.1
47153,300,5
47155,2093,4
47157,18939,4.3
47159,319,3.6
47161,278,5.4
47163,2815,4
47165,2855,3
47167,1217,4.4
47169,164,3.5
47171,378,5.4
47173,323,4.4
47175,89,4.3
47177,675,3.9
47179,2238,3.8
47181,321,5.3
47183,764,4.9
47185,472,4
47187,3216,2.7
47189,2101,3
48000,589331,4.3
48001,852,3.7
48003,279,3.1
48005,1876,5.1
48007,708,6.9
48009,140,3.4
48011,24,2.6
48013,897,4.3
48015,612,4.4
48017,115,4.3
48019,354,3.6
48021,1451,3.6
48023,54,3.4
48025,649,6.5
48027,6092,4.3
48029,32927,3.6
48031,173,2.8
48033,12,3.7
48035,329,4
48037,1810,4.6
48039,9254,5.3
48041,3507,3.1
48043,140,3.5
48045,24,4.3
48047,202,8.3
48049,627,3.9
48051,338,4.2
48053,712,3.2
48055,730,3.9
48057,610,5.8
48059,216,3.7
48061,11619,7
48063,286,5.7
48065,98,3.2
48067,731,6
48069,113,3.3
48071,1238,6.5
48073,949,4.6
48075,86,3
48077,174,3.5
48079,52,4.6
48081,52,3.7
48083,138,4.5
48085,18509,3.5
48087,42,3.6
48089,392,4
48091,2328,3.4
48093,197,3.7
48095,51,4.2
48097,683,3.6
48099,1075,4.4
48101,22,4.2
48103,84,5.3
48105,69,4.1
48107,108,4.2
48109,34,3.7
48111,88,2.2
48113,52373,3.9
48115,226,4.9
48117,256,3.1
48119,86,3.4
48121,15830,3.4
48123,423,4.4
48125,33,4.9
48127,330,5.1
48129,55,3.7
48131,371,7.7
48133,342,4.3
48135,3244,4.1
48137,29,3.2
48139,3068,3.5
48141,16472,4.7
48143,711,3.4
48145,283,4.3
48147,536,3.4
48149,404,3.2
48151,61,3.6
48153,148,5.5
48155,21,3.5
48157,17573,4.7
48159,212,4.7
48161,433,6.4
48163,371,4
48165,283,3.1
48167,8571,5.3
48169,71,3.3
48171,343,2.6
48173,19,2.7
48175,162,4.9
48177,329,3.5
48179,435,5.3
48181,2212,3.6
48183,2983,5.2
48185,586,5.4
48187,2633,3.4
48189,645,5.2
48191,70,6.2
48193,144,4
48195,73,2.6
48197,66,4
48199,1562,6.2
48201,115604,5.1
48203,1549,5.3
48205,58,2
48207,118,4.8
48209,3510,3.2
48211,58,2.5
48213,1498,4.2
48215,25757,7.5
48217,640,4
48219,421,3.7
48221,1098,4.2
48223,622,3.6
48225,453,4.4
48227,567,4.3
48229,97,5.8
48231,1661,4
48233,570,6.1
48235,24,3.2
48237,148,3.7
48239,296,4
48241,1009,7.5
48243,34,3.2
48245,7983,7.4
48247,140,7.3
48249,1272,7.6
48251,2981,3.8
48253,303,5.4
48255,226,3.5
48257,2153,3.6
48259,653,3.1
48261,8,3.3
48263,12,2.6
48265,732,3.4
48267,67,3.5
48269,6,3.6
48271,65,5.6
48273,798,6
48275,59,4
48277,1003,4.2
48279,270,5.2
48281,347,3.8
48283,155,3.7
48285,317,3.6
48287,316,3.3
48289,394,6.4
48291,2294,7.2
48293,466,5.6
48295,52,3.2
48297,254,4.7
48299,321,3.8
48301,5,5
48303,4995,3.2
48305,105,3.8
48307,131,3.6
48309,4610,3.9
48311,14,1.9
48313,223,4.8
48315,248,5.7
48317,82,3.2
48319,61,3.4
48321,1240,7.3
48323,2251,9.4
48325,830,3.9
48327,39,4.8
48329,2731,3
48331,512,5.1
48333,68,3.6
48335,137,5.5
48337,366,4
48339,11854,4.4
48341,321,2.9
48343,405,8.7
48345,18,3.6
48347,1221,4.3
48349,903,4
48351,424,8
48353,275,4.1
48355,9151,5.4
48357,165,3.6
48359,23,2.5
48361,2586,7
48363,553,4.1
48365,568,5.5
48367,2204,3.5
48369,122,2.5
48371,294,4.7
48373,1075,6.1
48375,1794,3.2
48377,289,9.5
48379,206,3.6
48381,2013,2.8
48383,69,3.8
48385,60,5.7
48387,274,5.3
48389,251,3.6
48391,182,5.6
48393,17,3.9
48395,354,4.8
48397,1656,3.4
48399,170,3.7
48401,1131,5.1
48403,309,8.6
48405,216,7.5
48407,659,5.7
48409,2361,7.7
48411,78,3.2
48413,50,3.7
48415,304,4.4
48417,56,3
48419,560,5.2
48421,40,3.1
48423,4372,4.1
48425,192,4.6
48427,3093,11.8
48429,183,4.6
48431,22,3.7
48433,22,3.6
48435,77,5.1
48437,111,4.1
48439,38822,3.7
48441,2283,3.6
48443,19,4.8
48445,265,5.1
48447,30,4.3
48449,702,5.4
48451,2001,3.7
48453,21446,3.1
48455,299,5.6
48457,523,7.4
48459,935,5.3
48461,58,3.7
48463,551,4.7
48465,1028,5.1
48467,960,3.8
48469,2089,4.9
48471,1105,4.7
48473,1103,4.9
48475,227,4.1
48477,631,4.2
48479,4879,4.2
48481,954,4.5
48483,94,4
48485,2083,3.7
48487,233,4.7
48489,702,11.1
48491,9566,3.3
48493,850,3.5
48495,168,5.2
48497,1217,4
48499,817,4.7
48501,136,3.6
48503,306,3.8
48505,404,7.5
48507,420,11.3
49000,48584,3.1
49001,119,3.9
49003,799,3.2
49005,1674,2.7
49007,404,4.9
49009,21,4.9
49011,4999,3
49013,440,5.5
49015,207,5
49017,211,7.3
49019,305,5.1
49021,895,4
49023,176,3.3
49025,124,3.3
49027,203,3.2
49029,148,2.7
49031,23,4.8
49033,36,3.2
49035,18415,3
49037,385,6.8
49039,456,3.8
49041,363,3.7
49043,728,3
49045,1122,3.5
49047,798,5.8
49049,8218,2.8
49051,468,3.2
49053,2382,3.4
49055,104,7.1
49057,4361,3.5
50000,10469,3
50001,590,2.8
50003,671,3.7
50005,548,3.7
50007,2204,2.3
50009,126,4.7
50011,848,3.1
50013,143,3.5
50015,567,4
50017,493,3.1
50019,703,5.1
50021,1097,3.5
50023,1016,3
50025,711,3.1
50027,752,2.6
51000,159103,3.7
51001,751,4.5
51003,1815,3.3
51005,320,4.5
51007,247,4
51009,612,4.1
51011,307,4.3
51013,3713,2.5
51015,1245,3.4
51017,77,3
51019,1467,3.8
51021,118,4.1
51023,605,3.5
51025,324,5.3
51027,492,7
51029,338,5.3
51031,1075,4.1
51033,642,4.3
51035,595,4.4
51036,175,4.7
51037,242,4.5
51041,6590,3.6
51043,254,3.4
51045,99,4.3
51047,861,3.6
51049,194,4.1
51051,312,6.7
51053,599,4.4
51057,268,4.8
51059,18889,3
51061,1173,3.2
51063,295,3.6
51065,407,3
51067,1023,3.9
51069,1472,3.2
51071,367,4.6
51073,637,3.3
51075,377,3.5
51077,302,3.9
51079,307,3
51081,191,4.3
51083,757,4.8
51085,1921,3.3
51087,6559,3.6
51089,1098,4.6
51091,42,3.2
51093,729,3.8
51095,1255,3.5
51097,132,3.5
51099,483,3.7
51101,305,3.4
51103,277,5.2
51105,440,5.1
51107,6468,3
51109,664,3.4
51111,221,4.1
51113,212,2.9
51115,152,3.7
51117,620,4.8
51119,172,3.2
51121,1858,3.7
51125,254,3.5
51127,380,3.2
51131,308,5.6
51133,289,5.2
51135,270,3.8
51137,633,3.7
51139,605,5.1
51141,325,4.2
51143,1310,4.3
51145,454,3.3
51147,493,4.8
51149,662,4.4
51153,8112,3.4
51155,859,5.3
51157,127,3.5
51159,146,3.6
51161,1659,3.4
51163,435,4.1
51165,1313,3.2
51167,593,5.2
51169,375,4
51171,728,3.3
51173,689,4.9
51175,324,3.6
51177,2430,3.7
51179,2496,3.6
51181,164,4.4
51183,226,5.9
51185,908,5.6
51187,734,3.7
51191,1098,4.1
51193,416,4.4
51195,859,6.3
51197,702,5
51199,1137,3.5
51510,2821,2.8
51520,330,4.5
51530,141,4.2
51540,791,3.1
51550,4549,3.7
51570,352,4
51580,147,6
51590,1122,5.6
51595,124,5.2
51600,371,2.8
51610,219,2.6
51620,188,5.2
51630,592,4.3
51640,125,4.1
51650,3238,5
51660,1087,4.4
51670,595,6.1
51678,128,6
51680,1764,4.9
51683,727,3.3
51685,296,3.3
51690,345,6.2
51700,4080,4.6
51710,5109,4.6
51720,89,5.2
51730,957,7.2
51735,212,3.4
51740,2363,5.3
51750,409,4.9
51760,5008,4.3
51770,2023,4.1
51775,484,3.7
51790,423,3.5
51800,1785,4
51810,8175,3.5
51820,415,4
51830,348,5.1
51840,525,3.6
53000,172058,4.6
53001,500,5.6
53003,423,4.1
53005,5257,5.4
53007,2105,4.8
53009,1857,6.7
53011,11369,5
53013,98,5.5
53015,2729,6
53017,1172,5.6
53019,272,10.8
53021,2537,6.2
53023,47,5.2
53025,2773,6.1
53027,1933,6.9
53029,1732,5.1
53031,715,6
53033,43557,3.5
53035,5769,4.8
53037,1163,5.2
53039,578,5.8
53041,2151,6.5
53043,241,4.9
53045,1537,6.5
53047,1397,6.7
53049,579,6.9
53051,344,7.3
53053,21929,5.3
53055,318,3.9
53057,3193,5.4
53059,317,6
53061,16603,3.9
53063,12696,5.3
53065,1291,7.1
53067,6563,4.9
53069,93,7.1
53071,1406,4.9
53073,5400,4.9
53075,1004,4.3
53077,8412,6.7
54000,41035,5.2
54001,401,5.9
54003,2068,3.7
54005,489,6.4
54007,398,7.5
54009,600,6.1
54011,1905,4.6
54013,263,10.9
54015,275,8.7
54017,167,4.3
54019,1016,6.4
54021,174,7.2
54023,334,5.6
54025,772,4.9
54027,409,3.9
54029,783,6.1
54031,292,4.9
54033,1615,4.8
54035,691,5.7
54037,916,3.1
54039,4255,5.1
54041,436,6.7
54043,495,6.9
54045,811,7.5
54047,422,9
54049,1352,5.3
54051,840,6
54053,679,6.8
54055,1256,5.9
54057,649,5.3
54059,588,8.7
54061,1983,3.7
54063,262,4.4
54065,312,4
54067,668,7.2
54069,993,4.7
54071,135,3.8
54073,201,7.1
54075,224,6
54077,759,5
54079,1244,4.7
54081,1591,5.4
54083,661,5.4
54085,244,5.5
54087,442,8.8
54089,261,5.9
54091,386,4.9
54093,178,5.2
54095,250,7.7
54097,584,6.2
54099,915,5.8
54101,210,6.3
54103,514,7.6
54105,175,7.9
54107,2003,5.5
54109,490,7.1
55000,102141,3.3
55001,415,5.1
55003,357,4.5
55005,856,3.5
55007,390,5.2
55009,4174,2.9
55011,245,3.7
55013,352,4.8
55015,775,2.8
55017,1162,3.5
55019,542,3
55021,931,2.9
55023,324,4.1
55025,7672,2.4
55027,1394,2.9
55029,591,3.8
55031,1040,4.4
55033,794,3.3
55035,1714,2.9
55037,106,4.6
55039,1607,2.8
55041,201,5
55043,880,3.1
55045,576,2.7
55047,361,3.7
55049,403,2.9
55051,160,6.2
55053,346,3.3
55055,1444,3.2
55057,449,3.3
55059,3441,3.9
55061,343,3.1
55063,1961,2.9
55065,254,2.5
55067,402,4.2
55069,546,3.5
55071,1460,3.5
55073,2155,2.9
55075,868,4.4
55077,289,3.8
55078,95,5.9
55079,19063,4
55081,686,2.9
55083,724,3.5
55085,696,3.8
55087,3108,3
55089,1346,2.7
55091,147,3.5
55093,840,3.3
55095,927,3.7
55097,1208,3.1
55099,252,3.7
55101,4011,4
55103,276,3
55105,3125,3.7
55107,307,4.4
55109,1552,3.1
55111,1025,2.9
55113,369,4.6
55115,685,3.2
55117,1724,2.8
55119,383,3.5
55121,499,3
55123,482,3.1
55125,437,4.3
55127,1883,3.3
55129,308,3.9
55131,2145,2.8
55133,6501,2.9
55135,839,3.2
55137,449,3.9
55139,2773,3
55141,1299,3.7
56000,12704,4.3
56001,609,2.9
56003,236,4.4
56005,1164,5
56007,328,4.1
56009,346,4.6
56011,135,3.6
56013,1113,5.7
56015,207,3
56017,95,4
56019,182,4.3
56021,1833,3.8
56023,334,3.8
56025,2149,5.4
56027,37,2.8
56029,693,4.4
56031,183,3.8
56033,640,4
56035,198,4.6
56037,1015,4.7
56039,452,2.9
56041,430,4.7
56043,171,4.1
56045,154,4.1
72000,118942,10.8
72001,658,15.1
72003,1534,12.9
72005,2159,14.5
72007,827,12.5
72009,932,14.2
72011,1121,12.5
72013,2760,11.7
72015,887,17.7
72017,824,14
72019,837,11.4
72021,4969,7.7
72023,1899,13.6
72025,4309,9.1
72027,1090,11.6
72029,1561,9.7
72031,4754,7.8
72033,706,9.1
72035,1628,10.1
72037,509,13.5
72039,619,16.1
72041,1282,8.4
72043,1680,16.2
72045,582,11.8
72047,1019,11.3
72049,40,4.4
72051,883,6.9
72053,1482,13.3
72054,480,14.3
72055,741,18.3
72057,1838,15.6
72059,834,16.4
72061,1939,5.3
72063,1282,7.3
72065,1828,14
72067,705,12.7
72069,2426,14
72071,1687,13.4
72073,552,13
72075,1939,12.9
72077,1423,11.5
72079,1064,19.4
72081,1347,18.6
72083,578,20.6
72085,1347,12
72087,809,9.6
72089,799,12.8
72091,1223,10.6
72093,406,20.1
72095,510,17.3
72097,3157,14
72099,1574,14.7
72101,996,12.4
72103,893,11.1
72105,847,11.8
72107,727,14.3
72109,915,19.7
72111,1048,17.5
72113,5307,11.6
72115,957,15.8
72117,713,15.3
72119,1645,9.7
72121,1073,16.8
72123,1401,18.7
72125,1570,15.7
72127,9303,7
72129,1527,12.8
72131,1867,17.7
72133,1318,13.5
72135,2054,7.7
72137,2362,8.1
72139,1578,5.9
72141,943,14
72143,1047,10.7
72145,1668,12.4
72147,438,14.5
72149,1467,19.4
72151,1488,16.5
72153,1751,17.2
