1,1001,Autauga,"55,390"
1,1003,Baldwin,"212,521"
1,1005,Barbour,"25,157"
1,1007,Bibb,"22,550"
1,1009,Blount,"57,787"
1,1011,Bullock,"10,176"
1,1013,Butler,"19,888"
1,1015,Calhoun,"114,710"
1,1017,Chambers,"33,707"
1,1019,Cherokee,"25,805"
1,1021,Chilton,"44,120"
1,1023,Choctaw,"12,925"
1,1025,Clarke,"24,063"
1,1027,Clay,"13,350"
1,1029,Cleburne,"14,899"
1,1031,Coffee,"51,853"
1,1033,Colbert,"54,695"
1,1035,Conecuh,"12,431"
1,1037,Coosa,"10,724"
1,1039,Covington,"37,062"
1,1041,Crenshaw,"13,858"
1,1043,Cullman,"82,867"
1,1045,Dale,"49,342"
1,1047,Dallas,"39,238"
1,1049,De Kalb,"71,437"
1,1051,Elmore,"81,422"
1,1053,Escambia,"36,993"
1,1055,Etowah,"103,007"
1,1057,Fayette,"16,466"
1,1059,Franklin,"31,542"
1,1061,Geneva,"26,385"
1,1063,Greene,"8,310"
1,1065,Hale,"14,801"
1,1067,Henry,"17,115"
1,1069,Houston,"104,378"
1,1071,Jackson,"51,828"
1,1073,Jefferson,"659,599"
1,1075,Lamar,"13,882"
1,1077,Lauderdale,"92,564"
1,1079,Lawrence,"33,063"
1,1081,Lee,"161,440"
1,1083,Limestone,"94,130"
1,1085,Lowndes,"10,097"
1,1087,Macon,"18,793"
1,1089,Madison,"361,762"
1,1091,Marengo,"19,396"
1,1093,Marion,"29,792"
1,1095,Marshall,"95,572"
1,1097,Mobile,"414,045"
1,1099,Monroe,"21,290"
1,1101,Montgomery,"227,265"
1,1103,Morgan,"118,918"
1,1105,Perry,"9,302"
1,1107,Pickens,"20,204"
1,1109,Pike,"33,349"
1,1111,Randolph,"22,687"
1,1113,Russell,"56,985"
1,1115,St Clair,"87,926"
1,1117,Shelby,"213,633"
1,1119,Sumter,"12,749"
1,1121,Talladega,"80,142"
1,1123,Tallapoosa,"40,613"
1,1125,Tuscaloosa,"207,618"
1,1127,Walker,"63,895"
1,1129,Washington,"16,522"
1,1131,Wilcox,"10,691"
1,1133,Winston,"23,760"
2,2013,Aleutians East,"3,455"
2,2016,Aleutians West,"5,729"
2,2020,Anchorage,"294,338"
2,2050,Bethel,"18,090"
2,2060,Bristol Bay,869
2,2068,Denali,"2,084"
2,2070,Dillingham,"4,940"
2,2090,Fairbanks North Star,"99,675"
2,2100,Haines,"2,524"
2,2110,Juneau,"2,139"
2,2122,Kenai Peninsula,"32,098"
2,2130,Ketchikan Gateway,"58,558"
2,2150,Kodiak Island,"13,834"
2,2164,Lake and Peninsula,"13,512"
2,2170,Matanuska-Susitna,"8,236"
2,2180,Nome,"1,612"
2,2185,North Slope,"106,232"
2,2188,Northwest Arctic,"10,025"
2,2201,Prince of Wales-Outer Ketchikan,"9,795"
2,2220,Sitka,"7,795"
2,2232,Skagway-Hoonah-Angoon,"3,264"
2,2240,Southeast Fairbanks,"6,444"
2,2261,Valdez-Cordova,"8,641"
2,2270,Wade Hampton,"1,167"
2,2280,Wrangell-Petersburg,"6,892"
2,2282,Yakutat,"9,220"
2,2290,Yukon-Koyukuk,"2,521"
4,4001,Apache,602
4,4003,Cochise,"5,409"
4,4005,Coconino,"71,545"
4,4007,Gila,"124,864"
4,4009,Graham,"141,001"
4,4011,Greenlee,"53,578"
4,4012,La Paz,"37,481"
4,4013,Maricopa,"9,443"
4,4015,Mohave,"20,706"
4,4017,Navajo,"4,327,184"
4,4019,Pima,"207,017"
4,4021,Pinal,"109,079"
4,4023,Santa Cruz,"1,026,391"
4,4025,Yavapai,"431,564"
4,4027,Yuma,"46,566"
5,5001,Arkansas,"228,082"
5,5003,Ashley,"209,507"
5,5005,Baxter,"17,872"
5,5007,Benton,"20,311"
5,5009,Boone,"41,308"
5,5011,Bradley,"266,585"
5,5013,Calhoun,"37,459"
5,5015,Carroll,"10,813"
5,5017,Chicot,"5,201"
5,5019,Clark,"27,865"
5,5021,Clay,"10,647"
5,5023,Cleburne,"22,184"
5,5025,Cleveland,"14,865"
5,5027,Columbia,"25,059"
5,5029,Conway,"8,162"
5,5031,Craighead,"23,695"
5,5033,Crawford,"20,810"
5,5035,Crittenden,"107,188"
5,5037,Cross,"62,894"
5,5039,Dallas,"48,716"
5,5041,Desha,"16,792"
5,5043,Drew,"7,307"
5,5045,Faulkner,"11,743"
5,5047,Franklin,"18,370"
5,5049,Fulton,"123,530"
5,5051,Garland,"17,809"
5,5053,Grant,"12,131"
5,5055,Greene,"98,327"
5,5057,Hempstead,"18,103"
5,5059,Hot Spring,"44,993"
5,5061,Howard,"21,876"
5,5063,Independence,"33,606"
5,5065,Izard,"13,365"
5,5067,Jackson,"37,391"
5,5069,Jefferson,"13,666"
5,5071,Johnson,"17,017"
5,5073,Lafayette,"69,238"
5,5075,Lawrence,"26,401"
5,5077,Lee,"6,797"
5,5079,Lincoln,"16,571"
5,5081,Little River,"9,127"
5,5083,Logan,"13,475"
5,5085,Lonoke,"12,373"
5,5087,Madison,"21,739"
5,5089,Marion,"72,778"
5,5091,Miller,"16,299"
5,5093,Mississippi,"16,429"
5,5095,Monroe,"43,736"
5,5097,Montgomery,"42,112"
5,5099,Nevada,"7,013"
5,5101,Newton,"8,890"
5,5103,Ouachita,"8,309"
5,5105,Perry,"7,815"
5,5107,Phillips,"23,817"
5,5109,Pike,"10,346"
5,5111,Poinsett,"18,599"
5,5113,Polk,"10,735"
5,5115,Pope,"24,071"
5,5117,Prairie,"20,147"
5,5119,Pulaski,"63,634"
5,5121,Randolph,"8,248"
5,5123,St Francis,"393,280"
5,5125,Saline,"17,665"
5,5127,Scott,"25,997"
5,5129,Searcy,"119,520"
5,5131,Sebastian,"10,369"
5,5133,Sevier,"7,927"
5,5135,Sharp,"127,786"
5,5137,Stone,"17,103"
5,5139,Union,"17,147"
5,5141,Van Buren,"12,520"
5,5143,Washington,"39,460"
5,5145,White,"16,552"
5,5147,Woodruff,"232,732"
5,5149,Yell,"78,844"
6,6001,Alameda,"6,575"
6,6003,Alpine,"21,509"
6,6005,Amador,"1,660,196"
6,6007,Butte,"1,111"
6,6009,Calaveras,"38,529"
6,6011,Colusa,"228,696"
6,6013,Contra Costa,"45,681"
6,6015,Del Norte,"21,579"
6,6017,El Dorado,"1,145,535"
6,6019,Fresno,"27,351"
6,6021,Glenn,"188,679"
6,6023,Humboldt,"985,238"
6,6025,Imperial,"27,926"
6,6027,Inyo,"136,507"
6,6029,Kern,"181,649"
6,6031,Kings,"17,868"
6,6033,Lake,"887,356"
6,6035,Lassen,"149,665"
6,6037,Los Angeles,"64,111"
6,6039,Madera,"30,920"
6,6041,Marin,"10,103,711"
6,6043,Mariposa,"155,423"
6,6045,Mendocino,"259,749"
6,6047,Merced,"17,414"
6,6049,Modoc,"87,576"
6,6051,Mono,"271,096"
6,6053,Monterey,"8,876"
6,6055,Napa,"14,354"
6,6057,Nevada,"434,534"
6,6059,Orange,"139,878"
6,6061,Placer,"99,367"
6,6063,Plumas,"3,174,289"
6,6065,Riverside,"385,115"
6,6067,Sacramento,"18,660"
6,6069,San Benito,"2,414,964"
6,6071,San Bernardino,"1,527,301"
6,6073,San Diego,"60,164"
6,6075,San Francisco,"2,150,945"
6,6077,San Joaquin,"3,321,237"
6,6079,San Luis Obispo,"878,040"
6,6081,San Mateo,"743,296"
6,6083,Santa Barbara,"282,481"
6,6085,Santa Clara,"768,901"
6,6087,Santa Cruz,"445,298"
6,6089,Shasta,"1,932,510"
6,6091,Sierra,"274,856"
6,6093,Siskiyou,"179,384"
6,6095,Solano,"3,002"
6,6097,Sonoma,"43,622"
6,6099,Stanislaus,"443,511"
6,6101,Sutter,"502,469"
6,6103,Tehama,"544,717"
6,6105,Trinity,"96,204"
6,6107,Tulare,"63,847"
6,6109,Tuolumne,"12,726"
6,6111,Ventura,"462,308"
6,6113,Yolo,"53,976"
6,6115,Yuba,"849,044"
8,8001,Adams,"218,477"
8,8003,Alamosa,"76,578"
8,8005,Arapahoe,"503,590"
8,8007,Archuleta,"16,108"
8,8009,Baca,"644,478"
8,8011,Bent,"13,295"
8,8013,Boulder,"3,554"
8,8015,Chaffee,"5,827"
8,8017,Cheyenne,"322,441"
8,8019,Clear Creek,"68,263"
8,8021,Conejos,"19,666"
8,8023,Costilla,"1,853"
8,8025,Crowley,"9,574"
8,8027,Custer,"8,139"
8,8029,Delta,"3,756"
8,8031,Denver,"5,840"
8,8033,Dolores,"4,857"
8,8035,Douglas,"30,519"
8,8037,Eagle,"704,961"
8,8039,Elbert,"2,045"
8,8041,El Paso,"335,816"
8,8043,Fremont,"54,929"
8,8045,Garfield,"25,765"
8,8047,Gilpin,"700,099"
8,8049,Grand,"47,548"
8,8051,Gunnison,"59,032"
8,8053,Hinsdale,"6,018"
8,8055,Huerfano,"15,364"
8,8057,Jackson,"16,863"
8,8059,Jefferson,791
8,8061,Kiowa,"6,628"
8,8063,Kit Carson,"1,375"
8,8065,Lake,"575,417"
8,8067,La Plata,"1,365"
8,8069,Larimer,"7,137"
8,8071,Las Animas,"7,750"
8,8073,Lincoln,"55,563"
8,8075,Logan,"344,084"
8,8077,Mesa,"14,201"
8,8079,Mineral,"5,523"
8,8081,Moffat,"22,317"
8,8083,Montezuma,"151,170"
8,8085,Montrose,753
8,8087,Morgan,"13,088"
8,8089,Otero,"26,112"
8,8091,Ouray,"41,753"
8,8093,Park,"28,295"
8,8095,Phillips,"18,345"
8,8097,Pitkin,"4,813"
8,8099,Prowers,"17,894"
8,8101,Pueblo,"4,288"
8,8103,Rio Blanco,"17,973"
8,8105,Rio Grande,"11,998"
8,8107,Routt,"166,283"
8,8109,Saguache,"6,352"
8,8111,San Juan,"11,297"
8,8113,San Miguel,"25,171"
8,8115,Sedgwick,"6,633"
8,8117,Summit,712
8,8119,Teller,"8,034"
8,8121,Washington,"2,311"
8,8123,Weld,"30,820"
8,8125,Yuma,"24,674"
9,9001,Fairfield,"4,921"
9,9003,Hartford,"305,885"
9,9005,Litchfield,"9,959"
9,9007,Middlesex,"943,038"
9,9009,New Haven,"893,076"
9,9011,New London,"181,667"
9,9013,Tolland,"162,942"
9,9015,Windham,"857,748"
10,10001,Kent,"267,419"
10,10003,New Castle,"151,009"
10,10005,Sussex,"116,398"
11,11001,Washington,"176,499"
12,12001,Alachua,"555,976"
12,12003,Baker,"224,348"
12,12005,Bay,"694,906"
12,12007,Bradford,"266,309"
12,12009,Brevard,"28,254"
12,12011,Broward,"184,736"
12,12013,Calhoun,"27,142"
12,12015,Charlotte,"587,769"
12,12017,Citrus,"1,934,516"
12,12019,Clay,"14,428"
12,12021,Collier,"181,522"
12,12023,Columbia,"145,415"
12,12027,De Soto,"212,228"
12,12029,Dixie,"372,678"
12,12031,Duval,"69,999"
12,12033,Escambia,"37,241"
12,12035,Flagler,"16,615"
12,12037,Franklin,"937,933"
12,12039,Gadsden,"313,249"
12,12041,Gilchrist,"109,999"
12,12043,Glades,"11,724"
12,12045,Gulf,"45,993"
12,12047,Hamilton,"17,900"
12,12049,Hardee,"13,580"
12,12051,Hendry,"16,105"
12,12053,Hernando,"14,364"
12,12055,Highlands,"27,154"
12,12057,Hillsborough,"41,018"
12,12059,Holmes,"186,704"
12,12061,Indian River,"103,852"
12,12063,Jackson,"1,426,736"
12,12065,Jefferson,"19,427"
12,12067,Lafayette,"154,241"
12,12069,Lake,"48,289"
12,12071,Lee,"14,165"
12,12073,Leon,"8,602"
12,12075,Levy,"345,432"
12,12077,Liberty,"740,000"
12,12079,Madison,"290,965"
12,12081,Manatee,"40,276"
12,12083,Marion,"8,236"
12,12085,Martin,"18,474"
12,12086,Miami-Dade,"385,506"
12,12087,Monroe,"353,339"
12,12089,Nassau,"159,701"
12,12091,Okaloosa,"2,713,295"
12,12093,Okeechobee,"76,483"
12,12095,Orange,"82,925"
12,12097,Osceola,"203,478"
12,12099,Palm Beach,"41,275"
12,12101,Pasco,"1,355,921"
12,12103,Pinellas,"353,623"
12,12105,Polk,"1,470,344"
12,12107,Putnam,"525,141"
12,12109,St Johns,"968,341"
12,12111,St Lucie,"685,368"
12,12113,Santa Rosa,"73,384"
12,12115,Sarasota,"243,693"
12,12117,Seminole,"313,163"
12,12119,Sumter,"174,049"
12,12121,Suwannee,"419,680"
12,12123,Taylor,"462,801"
12,12125,Union,"124,995"
12,12127,Volusia,"44,124"
12,12129,Wakulla,"21,781"
12,12131,Walton,"15,448"
12,12133,Washington,"537,868"
13,13001,Appling,"32,050"
13,13003,Atkinson,"68,021"
13,13005,Bacon,"24,546"
13,13007,Baker,"18,438"
13,13009,Baldwin,"8,182"
13,13011,Banks,"11,205"
13,13013,Barrow,"3,159"
13,13015,Bartow,"44,963"
13,13017,Ben Hill,"18,628"
13,13019,Berrien,"78,899"
13,13021,Bibb,"105,098"
13,13023,Bleckley,"17,037"
13,13025,Brantley,"19,108"
13,13027,Brooks,"152,840"
13,13029,Bryan,"12,764"
13,13031,Bulloch,"18,832"
13,13033,Burke,"15,617"
13,13035,Butts,"36,999"
13,13037,Calhoun,"75,991"
13,13039,Camden,"22,545"
13,13043,Candler,"24,067"
13,13045,Carroll,"6,389"
13,13047,Catoosa,"53,005"
13,13049,Charlton,"10,706"
13,13051,Chatham,"117,390"
13,13053,Chattahoochee,"66,495"
13,13055,Chattooga,"12,810"
13,13057,Cherokee,"289,309"
13,13059,Clarke,"10,205"
13,13061,Clay,"24,746"
13,13063,Clayton,"247,763"
13,13065,Clinch,"126,815"
13,13067,Cobb,"2,955"
13,13069,Coffee,"284,184"
13,13071,Colquitt,"6,643"
13,13073,Columbia,"752,649"
13,13075,Cook,"42,880"
13,13077,Coweta,"45,480"
13,13079,Crawford,"151,529"
13,13081,Crisp,"17,213"
13,13083,Dade,"143,153"
13,13085,Dawson,"12,263"
13,13087,Decatur,"22,710"
13,13089,De Kalb,"16,254"
13,13091,Dodge,"24,406"
13,13093,Dooly,"26,706"
13,13095,Dougherty,"751,176"
13,13097,Douglas,"20,749"
13,13099,Early,"13,691"
13,13101,Echols,"89,457"
13,13103,Effingham,"143,376"
13,13105,Elbert,"10,317"
13,13107,Emanuel,"3,914"
13,13109,Evans,"60,086"
13,13111,Fannin,"19,102"
13,13113,Fayette,"22,533"
13,13115,Floyd,"10,741"
13,13117,Forsyth,"25,332"
13,13119,Franklin,"112,553"
13,13121,Fulton,"97,500"
13,13123,Gilmer,"228,940"
13,13125,Glascock,"22,864"
13,13127,Glynn,"1,038,938"
13,13129,Gordon,"30,443"
13,13131,Grady,"3,032"
13,13133,Greene,"84,675"
13,13135,Gwinnett,"57,164"
13,13137,Habersham,"24,773"
13,13139,Hall,"17,203"
13,13141,Hancock,"918,186"
13,13143,Haralson,"44,535"
13,13145,Harris,"198,953"
13,13147,Hart,"8,539"
13,13149,Heard,"29,248"
13,13151,Henry,"33,943"
13,13153,Houston,"25,710"
13,13155,Irwin,"11,751"
13,13157,Jackson,"225,182"
13,13159,Jasper,"153,202"
13,13161,Jeff Davis,"9,352"
13,13163,Jefferson,"67,644"
13,13165,Jenkins,"13,882"
13,13167,Johnson,"15,039"
13,13169,Jones,"15,630"
13,13171,Lamar,"8,813"
13,13173,Lanier,"9,737"
13,13175,Laurens,"28,466"
13,13177,Lee,"18,600"
13,13179,Liberty,"10,425"
13,13181,Lincoln,"47,376"
13,13183,Long,"29,410"
13,13185,Lowndes,"61,619"
13,13187,Lumpkin,"7,856"
13,13189,McDuffie,"18,780"
13,13191,McIntosh,"115,404"
13,13193,Macon,"32,801"
13,13195,Madison,"21,511"
13,13197,Marion,"14,080"
13,13199,Meriwether,"13,254"
13,13201,Miller,"29,295"
13,13205,Mitchell,"8,403"
13,13207,Monroe,"21,021"
13,13209,Montgomery,"5,813"
13,13211,Morgan,"22,317"
13,13213,Murray,"27,163"
13,13215,Muscogee,"9,024"
13,13217,Newton,"18,373"
13,13219,Oconee,"39,803"
13,13221,Oglethorpe,"193,836"
13,13223,Paulding,"107,846"
13,13225,Peach,"38,122"
13,13227,Pickens,"14,874"
13,13229,Pierce,"159,509"
13,13231,Pike,"26,961"
13,13233,Polk,"31,541"
13,13235,Pulaski,"19,197"
13,13237,Putnam,"18,204"
13,13239,Quitman,"41,818"
13,13241,Rabun,"11,181"
13,13243,Randolph,"21,692"
13,13245,Richmond,"2,333"
13,13247,Rockdale,"16,545"
13,13249,Schley,"6,969"
13,13251,Screven,"201,673"
13,13253,Seminole,"89,843"
13,13255,Spalding,"5,235"
13,13257,Stephens,"13,956"
13,13259,Stewart,"8,253"
13,13261,Sumter,"65,358"
13,13263,Talbot,"25,736"
13,13265,Taliaferro,"6,314"
13,13267,Tattnall,"29,901"
13,13269,Taylor,"6,256"
13,13271,Telfair,"1,613"
13,13273,Terrell,"25,409"
13,13275,Thomas,"8,110"
13,13277,Tift,"15,929"
13,13279,Toombs,"8,695"
13,13281,Towns,"44,619"
13,13283,Treutlen,"40,431"
13,13285,Troup,"26,859"
13,13287,Turner,"11,553"
13,13289,Twiggs,"6,746"
13,13291,Union,"70,062"
13,13293,Upson,"7,895"
13,13295,Walker,"8,253"
13,13297,Walton,"23,376"
13,13299,Ware,"26,201"
13,13301,Warren,"68,999"
13,13303,Washington,"91,296"
13,13305,Wayne,"35,668"
13,13307,Webster,"5,265"
13,13309,Wheeler,"20,311"
13,13311,White,"29,797"
13,13313,Whitfield,"2,589"
13,13315,Wilcox,"7,960"
13,13317,Wilkes,"29,445"
13,13319,Wilkinson,"104,234"
13,13321,Worth,"8,791"
15,15001,Hawaii,"9,860"
15,15003,Honolulu,"8,954"
15,15007,Kauai,"20,528"
15,15009,Maui,"199,981"
16,16001,Ada,"986,353"
16,16003,Adams,86
16,16005,Bannock,"71,827"
16,16007,Bear Lake,"166,146"
16,16009,Benewah,"456,548"
16,16011,Bingham,"4,127"
16,16013,Blaine,"85,482"
16,16015,Boise,"6,023"
16,16017,Bonner,"9,157"
16,16019,Bonneville,"45,884"
16,16021,Boundary,"22,373"
16,16023,Butte,"7,347"
16,16025,Camas,"43,654"
16,16027,Canyon,"114,488"
16,16029,Caribou,"11,965"
16,16031,Cassia,"2,585"
16,16033,Clark,"1,096"
16,16035,Clearwater,"216,858"
16,16037,Custer,"6,973"
16,16039,Elmore,"23,650"
16,16041,Franklin,879
16,16043,Fremont,"8,646"
16,16045,Gem,"4,135"
16,16047,Gooding,"26,881"
16,16049,Idaho,"13,467"
16,16051,Jefferson,"13,122"
16,16053,Jerome,"17,311"
16,16055,Kootenai,"15,121"
16,16057,Latah,"16,373"
16,16059,Lemhi,"28,439"
16,16061,Lewis,"23,768"
16,16063,Lincoln,"157,320"
16,16065,Madison,"39,741"
16,16067,Minidoka,"7,829"
16,16069,Nez Perce,"3,884"
16,16071,Oneida,"5,376"
16,16073,Owyhee,"39,370"
16,16075,Payette,"20,722"
16,16077,Power,"40,289"
16,16079,Shoshone,"4,389"
16,16081,Teton,"11,618"
16,16083,Twin Falls,"23,163"
16,16085,Valley,"7,606"
16,16087,Washington,"12,519"
17,17001,Adams,"11,445"
17,17003,Alexander,"85,374"
17,17005,Bond,"10,667"
17,17007,Boone,"10,051"
17,17009,Brown,"66,057"
17,17011,Bureau,"6,278"
17,17013,Calhoun,"16,648"
17,17015,Carroll,"53,513"
17,17017,Cass,"6,609"
17,17019,Champaign,"33,137"
17,17021,Christian,"4,851"
17,17023,Clark,"14,475"
17,17025,Clay,"12,492"
17,17027,Clinton,"210,425"
17,17029,Coles,"33,007"
17,17031,Cook,"15,812"
17,17033,Crawford,"13,270"
17,17035,Cumberland,"37,645"
17,17037,De Kalb,"51,353"
17,17039,De Witt,"5,200,821"
17,17041,Douglas,"18,975"
17,17043,Du Page,"10,880"
17,17045,Edgar,"104,309"
17,17047,Edwards,"15,906"
17,17049,Effingham,"19,629"
17,17051,Fayette,"930,265"
17,17053,Ford,"17,390"
17,17055,Franklin,"6,448"
17,17057,Fulton,"34,123"
17,17059,Gallatin,"21,514"
17,17061,Greene,"13,298"
17,17063,Grundy,"38,995"
17,17065,Hamilton,"35,104"
17,17067,Hancock,"5,071"
17,17069,Hardin,"13,156"
17,17071,Henderson,"50,622"
17,17073,Henry,"8,181"
17,17075,Iroquois,"17,958"
17,17077,Jackson,"3,922"
17,17079,Jasper,"6,819"
17,17081,Jefferson,"49,219"
17,17083,Jersey,"27,777"
17,17085,Jo Daviess,"57,904"
17,17087,Johnson,"9,523"
17,17089,Kane,"38,045"
17,17091,Kankakee,"21,912"
17,17093,Kendall,"21,495"
17,17095,Knox,"12,399"
17,17097,Lake,"532,272"
17,17099,La Salle,"110,540"
17,17101,Lawrence,"126,152"
17,17103,Lee,"50,577"
17,17105,Livingston,"702,475"
17,17107,Logan,"109,622"
17,17109,McDonough,"16,027"
17,17111,McHenry,"34,540"
17,17113,McLean,"36,124"
17,17115,Macon,"29,034"
17,17117,Macoupin,"30,373"
17,17119,Madison,"307,815"
17,17121,Marion,"172,754"
17,17123,Marshall,"105,399"
17,17125,Mason,"45,505"
17,17127,Massac,"265,251"
17,17129,Menard,"37,726"
17,17131,Mercer,"11,668"
17,17133,Monroe,"13,677"
17,17135,Montgomery,"14,291"
17,17137,Morgan,"12,293"
17,17139,Moultrie,"15,608"
17,17141,Ogle,"34,179"
17,17143,Peoria,"28,781"
17,17145,Perry,"34,245"
17,17147,Piatt,"14,701"
17,17149,Pike,"50,993"
17,17151,Pope,"182,525"
17,17153,Pulaski,"21,281"
17,17155,Putnam,"16,422"
17,17157,Randolph,"15,668"
17,17159,Richland,"4,183"
17,17161,Rock Island,"5,520"
17,17163,St Clair,"5,694"
17,17165,Saline,"32,297"
17,17167,Sangamon,"15,837"
17,17169,Schuyler,"143,828"
17,17171,Scott,"262,600"
17,17173,Shelby,"23,963"
17,17175,Stark,"197,072"
17,17177,Stephenson,"6,948"
17,17179,Tazewell,"4,983"
17,17181,Union,"21,774"
17,17183,Vermilion,"5,457"
17,17185,Wabash,"44,997"
17,17187,Warren,"133,489"
17,17189,Washington,"16,968"
17,17191,Wayne,"77,689"
17,17193,White,"11,523"
17,17195,Whiteside,"17,144"
17,17197,Will,"13,963"
17,17199,Williamson,"16,412"
17,17201,Winnebago,"13,903"
17,17203,Woodford,"55,955"
18,18001,Adams,"690,479"
18,18003,Allen,"67,049"
18,18005,Bartholomew,"284,681"
18,18007,Benton,"38,670"
18,18009,Blackford,"35,385"
18,18011,Boone,"371,723"
18,18013,Brown,"82,213"
18,18015,Carroll,"8,631"
18,18017,Cass,"12,028"
18,18019,Clark,"65,723"
18,18021,Clay,"15,010"
18,18023,Clinton,"20,067"
18,18025,Crawford,"37,828"
18,18027,Daviess,"116,545"
18,18029,Dearborn,"26,167"
18,18031,Decatur,"32,195"
18,18033,De Kalb,"10,535"
18,18035,Delaware,"33,136"
18,18037,Dubois,"49,564"
18,18039,Elkhart,"26,620"
18,18041,Fayette,"42,806"
18,18043,Floyd,"115,246"
18,18045,Fountain,"42,538"
18,18047,Franklin,"204,194"
18,18049,Fulton,"23,154"
18,18051,Gibson,"77,006"
18,18053,Grant,"16,419"
18,18055,Greene,"22,694"
18,18057,Hamilton,"19,995"
18,18059,Hancock,"33,721"
18,18061,Harrison,"66,305"
18,18063,Hendricks,"32,172"
18,18065,Henry,"322,933"
18,18067,Howard,"74,998"
18,18069,Huntington,"39,777"
18,18071,Jackson,"163,622"
18,18073,Jasper,"48,170"
18,18075,Jay,"82,210"
18,18077,Jefferson,"36,222"
18,18079,Jennings,"43,955"
18,18081,Johnson,"33,424"
18,18083,Knox,"20,883"
18,18085,Kosciusko,"32,013"
18,18087,La Grange,"27,652"
18,18089,Lake,"153,820"
18,18091,La Porte,"37,044"
18,18093,Lawrence,"79,026"
18,18095,Madison,"39,248"
18,18097,Marion,"484,601"
18,18099,Marshall,"109,842"
18,18101,Martin,"45,592"
18,18103,Miami,"129,418"
18,18105,Monroe,"950,537"
18,18107,Montgomery,"46,433"
18,18109,Morgan,"10,181"
18,18111,Newton,"35,864"
18,18113,Noble,"146,638"
18,18115,Ohio,"38,343"
18,18117,Orange,"69,793"
18,18119,Owen,"14,027"
18,18121,Parke,"47,329"
18,18123,Perry,"5,854"
18,18125,Pike,"19,423"
18,18127,Porter,"20,791"
18,18129,Posey,"16,907"
18,18131,Pulaski,"18,978"
18,18133,Putnam,"12,315"
18,18135,Randolph,"168,495"
18,18137,Ripley,"25,569"
18,18139,Rush,"12,529"
18,18141,St Joseph,"37,363"
18,18143,Scott,"24,907"
18,18145,Shelby,"28,428"
18,18147,Spencer,"16,643"
18,18149,Starke,"270,057"
18,18151,Steuben,"23,793"
18,18153,Sullivan,"44,367"
18,18155,Switzerland,"20,440"
18,18157,Tippecanoe,"22,935"
18,18159,Tipton,"34,384"
18,18161,Union,"20,700"
18,18163,Vanderburgh,"10,686"
18,18165,Vermillion,"191,199"
18,18167,Vigo,"15,137"
18,18169,Wabash,"7,159"
18,18171,Warren,"180,954"
18,18173,Warrick,"15,503"
18,18175,Washington,"107,569"
18,18177,Wayne,"31,380"
18,18179,Wells,"8,204"
18,18181,White,"62,401"
18,18183,Whitley,"27,771"
19,19001,Adair,"66,179"
19,19003,Adams,"27,958"
19,19005,Allamakee,"24,163"
19,19007,Appanoose,"33,722"
19,19009,Audubon,"7,051"
19,19011,Benton,"3,657"
19,19013,Black Hawk,"13,803"
19,19015,Boone,"12,353"
19,19017,Bremer,"5,550"
19,19019,Buchanan,"25,656"
19,19021,Buena Vista,"132,238"
19,19023,Butler,"26,443"
19,19025,Calhoun,"24,823"
19,19027,Carroll,"21,126"
19,19029,Cass,"20,144"
19,19031,Cedar,"14,592"
19,19033,Cerro Gordo,"9,729"
19,19035,Cherokee,"20,274"
19,19037,Chickasaw,"13,144"
19,19039,Clarke,"18,490"
19,19041,Clay,"42,999"
19,19043,Clayton,"11,307"
19,19045,Clinton,"12,002"
19,19047,Crawford,"9,396"
19,19049,Dallas,"16,141"
19,19051,Davis,"17,648"
19,19053,Decatur,"46,874"
19,19055,Delaware,"17,076"
19,19057,Des Moines,"87,208"
19,19059,Dickinson,"8,969"
19,19061,Dubuque,"7,947"
19,19063,Emmet,"17,143"
19,19065,Fayette,"39,326"
19,19067,Floyd,"17,141"
19,19069,Franklin,"97,066"
19,19071,Fremont,"9,422"
19,19073,Greene,"19,687"
19,19075,Grundy,"15,767"
19,19077,Guthrie,"10,160"
19,19079,Hamilton,"6,930"
19,19081,Hancock,"8,954"
19,19083,Hardin,"12,298"
19,19085,Harrison,"10,645"
19,19087,Henry,"15,032"
19,19089,Howard,"10,756"
19,19091,Humboldt,"17,073"
19,19093,Ida,"14,107"
19,19095,Iowa,"20,044"
19,19097,Jackson,"9,229"
19,19099,Jasper,"9,569"
19,19101,Jefferson,"6,869"
19,19103,Johnson,"16,133"
19,19105,Jones,"19,382"
19,19107,Keokuk,"36,995"
19,19109,Kossuth,"18,219"
19,19111,Lee,"149,325"
19,19113,Linn,"20,618"
19,19115,Louisa,"10,141"
19,19117,Lucas,"14,939"
19,19119,Lyon,"34,216"
19,19121,Madison,"224,379"
19,19123,Mahaska,"11,195"
19,19125,Marion,"8,533"
19,19127,Marshall,"11,785"
19,19129,Mills,"16,000"
19,19131,Mitchell,"22,211"
19,19133,Monona,"33,091"
19,19135,Monroe,"40,078"
19,19137,Montgomery,"15,060"
19,19139,Muscatine,"10,563"
19,19141,O Brien,"8,724"
19,19143,Osceola,"7,798"
19,19145,Page,"10,112"
19,19147,Palo Alto,"42,872"
19,19149,Plymouth,"13,774"
19,19151,Pocahontas,"6,021"
19,19153,Polk,"15,213"
19,19155,Pottawattamie,"9,052"
19,19157,Poweshiek,"25,060"
19,19159,Ringgold,"6,833"
19,19161,Sac,"480,487"
19,19163,Scott,"93,416"
19,19165,Shelby,"18,334"
19,19167,Sioux,"5,024"
19,19169,Story,"9,803"
19,19171,Tama,"172,448"
19,19173,Taylor,"11,574"
19,19175,Union,"34,781"
19,19177,Van Buren,"97,278"
19,19179,Wapello,"17,029"
19,19181,Warren,"6,095"
19,19183,Washington,"12,459"
19,19185,Wayne,"7,155"
19,19187,Webster,"35,022"
19,19189,Winnebago,"50,078"
19,19191,Winneshiek,"22,204"
19,19193,Woodbury,"6,492"
19,19195,Worth,"36,637"
19,19197,Wright,"10,573"
20,20001,Allen,"20,129"
20,20003,Anderson,"102,132"
20,20005,Atchison,"7,455"
20,20007,Barber,"12,765"
20,20009,Barton,"12,555"
20,20011,Bourbon,"7,833"
20,20013,Brown,"16,298"
20,20015,Butler,"4,570"
20,20017,Chase,"26,394"
20,20019,Chautauqua,"14,609"
20,20021,Cherokee,"9,609"
20,20023,Cheyenne,"66,845"
20,20025,Clark,"2,651"
20,20027,Clay,"3,315"
20,20029,Cloud,"20,129"
20,20031,Coffey,"2,684"
20,20033,Comanche,"1,995"
20,20035,Cowley,"8,006"
20,20037,Crawford,"8,912"
20,20039,Decatur,"8,228"
20,20041,Dickinson,"1,759"
20,20043,Doniphan,"35,297"
20,20045,Douglas,"38,925"
20,20047,Edwards,"2,863"
20,20049,Elk,"18,829"
20,20051,Ellis,"7,657"
20,20053,Ellsworth,"120,281"
20,20055,Finney,"2,873"
20,20057,Ford,"2,514"
20,20059,Franklin,"28,735"
20,20061,Geary,"6,284"
20,20063,Gove,"36,720"
20,20065,Graham,"34,218"
20,20067,Grant,"25,631"
20,20069,Gray,"33,774"
20,20071,Greeley,"2,622"
20,20073,Greenwood,"2,485"
20,20075,Hamilton,"7,490"
20,20077,Harper,"6,018"
20,20079,Harvey,"1,226"
20,20081,Haskell,"6,067"
20,20083,Hodgeman,"2,616"
20,20085,Jackson,"5,580"
20,20087,Jefferson,"34,373"
20,20089,Jewell,"4,019"
20,20091,Johnson,"1,863"
20,20093,Kearny,"13,332"
20,20095,Kingman,"18,932"
20,20097,Kiowa,"2,857"
20,20099,Labette,"591,305"
20,20101,Lane,"3,935"
20,20103,Leavenworth,"7,275"
20,20105,Lincoln,"2,486"
20,20107,Linn,"20,129"
20,20109,Logan,"1,548"
20,20111,Lyon,"81,109"
20,20113,McPherson,"3,043"
20,20115,Marion,"9,697"
20,20117,Marshall,"2,814"
20,20119,Meade,"33,257"
20,20121,Miami,"28,687"
20,20123,Mitchell,"11,945"
20,20125,Montgomery,"9,687"
20,20127,Morris,"4,230"
20,20129,Morton,"33,429"
20,20131,Nemaha,"6,137"
20,20133,Neosho,"32,390"
20,20135,Ness,"5,467"
20,20137,Norton,"2,747"
20,20139,Osage,"10,060"
20,20141,Osborne,"16,094"
20,20143,Ottawa,"2,856"
20,20145,Pawnee,"5,421"
20,20147,Phillips,"15,842"
20,20149,Pottawatomie,"3,539"
20,20151,Pratt,"5,817"
20,20153,Rawlins,"6,665"
20,20155,Reno,"5,370"
20,20157,Republic,"23,916"
20,20159,Rice,"9,500"
20,20161,Riley,"2,473"
20,20163,Rooks,"62,714"
20,20165,Rush,"4,654"
20,20167,Russell,"9,563"
20,20169,Saline,"73,977"
20,20171,Scott,"5,055"
20,20173,Sedgwick,"3,048"
20,20175,Seward,"6,930"
20,20177,Shawnee,"54,508"
20,20179,Sheridan,"4,928"
20,20181,Sherman,"513,176"
20,20183,Smith,"22,245"
20,20185,Stafford,"178,056"
20,20187,Stanton,"2,526"
20,20189,Stevens,"5,936"
20,20191,Sumner,"3,615"
20,20193,Thomas,"4,186"
20,20195,Trego,"2,055"
20,20197,Wabaunsee,"5,551"
20,20199,Wallace,"23,117"
20,20201,Washington,"7,821"
20,20203,Wichita,"2,843"
20,20205,Wilson,"6,832"
20,20207,Woodson,"1,515"
20,20209,Wyandotte,"5,479"
21,21001,Adair,"2,121"
21,21003,Allen,"8,707"
21,21005,Anderson,"3,130"
21,21007,Ballard,"165,087"
21,21009,Barren,"19,287"
21,21011,Bath,"20,903"
21,21013,Bell,"22,545"
21,21015,Boone,"8,018"
21,21017,Bourbon,"43,746"
21,21019,Boyd,"12,381"
21,21021,Boyle,"26,863"
21,21023,Bracken,"130,952"
21,21025,Breathitt,"20,092"
21,21027,Breckinridge,"47,808"
21,21029,Bullitt,"29,972"
21,21031,Butler,"8,285"
21,21033,Caldwell,"12,929"
21,21035,Calloway,"20,131"
21,21037,Campbell,"80,269"
21,21039,Carlisle,"12,778"
21,21041,Carroll,"12,666"
21,21043,Carter,"38,832"
21,21045,Casey,"92,878"
21,21047,Christian,"4,788"
21,21049,Clark,"10,714"
21,21051,Clay,"27,214"
21,21053,Clinton,"15,818"
21,21055,Crittenden,"71,024"
21,21057,Cumberland,"35,899"
21,21059,Daviess,"20,251"
21,21061,Edmonson,"10,212"
21,21063,Elliott,"8,999"
21,21065,Estill,"6,710"
21,21067,Fayette,"100,461"
21,21069,Fleming,"12,226"
21,21071,Floyd,"7,493"
21,21073,Franklin,"14,178"
21,21075,Fulton,"321,964"
21,21077,Gallatin,"14,439"
21,21079,Garrard,"36,296"
21,21081,Grant,"50,492"
21,21083,Graves,"6,163"
21,21085,Grayson,"8,720"
21,21087,Green,"17,449"
21,21089,Greenup,"24,973"
21,21091,Hancock,"37,190"
21,21093,Hardin,"26,286"
21,21095,Harlan,"11,036"
21,21097,Harrison,"35,514"
21,21099,Hart,"8,778"
21,21101,Henderson,"108,161"
21,21103,Henry,"26,676"
21,21105,Hickman,"18,735"
21,21107,Hopkins,"18,745"
21,21109,Jackson,"45,867"
21,21111,Jefferson,"15,972"
21,21113,Jessamine,"4,518"
21,21115,Johnson,"45,293"
21,21117,Kenton,"13,422"
21,21119,Knott,"769,828"
21,21121,Knox,"53,259"
21,21123,Larue,"22,606"
21,21125,Laurel,"165,608"
21,21127,Lawrence,"15,244"
21,21129,Lee,"31,444"
21,21131,Leslie,"14,196"
21,21133,Letcher,"60,317"
21,21135,Lewis,"15,756"
21,21137,Lincoln,"6,602"
21,21139,Livingston,"10,310"
21,21141,Logan,"22,303"
21,21143,Lyon,"13,363"
21,21145,McCracken,"24,495"
21,21147,McCreary,"9,249"
21,21149,McLean,"27,003"
21,21151,Madison,"8,261"
21,21153,Magoffin,"65,364"
21,21155,Marion,"17,372"
21,21157,Marshall,"9,216"
21,21159,Martin,"91,170"
21,21161,Mason,"12,519"
21,21163,Meade,"19,276"
21,21165,Menifee,"31,318"
21,21167,Mercer,"11,492"
21,21169,Metcalfe,"17,192"
21,21171,Monroe,"28,033"
21,21173,Montgomery,"6,465"
21,21175,Morgan,"21,542"
21,21177,Muhlenberg,"10,093"
21,21179,Nelson,"10,597"
21,21181,Nicholas,"27,913"
21,21183,Ohio,"13,230"
21,21185,Oldham,"30,925"
21,21187,Owen,"45,591"
21,21189,Owsley,"7,160"
21,21191,Pendleton,"24,116"
21,21193,Perry,"66,557"
21,21195,Pike,"10,794"
21,21197,Powell,"4,402"
21,21199,Pulaski,"14,602"
21,21201,Robertson,"26,586"
21,21203,Rockcastle,"58,905"
21,21205,Rowan,"12,297"
21,21207,Russell,"64,314"
21,21209,Scott,"2,120"
21,21211,Shelby,"16,778"
21,21213,Simpson,"24,514"
21,21215,Spencer,"17,723"
21,21217,Taylor,"54,782"
21,21219,Todd,"47,209"
21,21221,Trigg,"18,046"
21,21223,Trimble,"18,619"
21,21225,Union,"25,544"
21,21227,Warren,"12,177"
21,21229,Washington,"14,418"
21,21231,Wayne,"8,521"
21,21233,Webster,"14,620"
21,21235,Whitley,"129,074"
21,21237,Wolfe,"11,880"
21,21239,Woodford,"20,628"
22,22001,Acadia,"13,012"
22,22003,Allen,"36,074"
22,22005,Ascension,"7,248"
22,22007,Assumption,"26,385"
22,22009,Avoyelles,"62,559"
22,22011,Beauregard,"25,583"
22,22013,Bienville,"123,177"
22,22015,Bossier,"22,568"
22,22017,Caddo,"40,836"
22,22019,Calcasieu,"36,847"
22,22021,Caldwell,"13,631"
22,22023,Cameron,"126,959"
22,22025,Catahoula,"245,935"
22,22027,Claiborne,"202,466"
22,22029,Concordia,"9,959"
22,22031,De Soto,"6,944"
22,22033,East Baton Rouge,"9,830"
22,22035,East Carroll,"15,953"
22,22037,East Feliciana,"19,846"
22,22039,Evangeline,"27,267"
22,22041,Franklin,"444,511"
22,22043,Grant,"7,111"
22,22045,Iberia,"19,380"
22,22047,Iberville,"33,663"
22,22049,Jackson,"20,256"
22,22051,Jefferson,"22,296"
22,22053,Jefferson Davis,"71,982"
22,22055,Lafayette,"32,906"
22,22057,Lafourche,"15,898"
22,22059,La Salle,"436,126"
22,22061,Lincoln,"31,480"
22,22063,Livingston,"241,756"
22,22065,Madison,"98,123"
22,22067,Morehouse,"14,887"
22,22069,Natchitoches,"47,471"
22,22071,Orleans,"137,712"
22,22073,Ouachita,"11,342"
22,22075,Plaquemines,"25,655"
22,22077,Pointe Coupee,"39,042"
22,22079,Rapides,"391,493"
22,22081,Red River,"155,841"
22,22083,Richland,"23,348"
22,22085,Sabine,"22,164"
22,22087,St Bernard,"131,253"
22,22089,St Charles,"8,527"
22,22091,St Helena,"20,413"
22,22093,St James,"23,909"
22,22095,St John the Baptist,"46,110"
22,22097,St Landry,"52,620"
22,22099,St Martin,"10,322"
22,22101,St Mary,"21,380"
22,22103,St Tammany,"43,328"
22,22105,Tangipahoa,"83,535"
22,22107,Tensas,"54,066"
22,22109,Terrebonne,"50,708"
22,22111,Union,"255,921"
22,22113,Vermilion,"132,353"
22,22115,Vernon,"4,574"
22,22117,Washington,"111,823"
22,22119,Webster,"22,398"
22,22121,West Baton Rouge,"59,936"
22,22123,West Carroll,"49,789"
22,22125,West Feliciana,"46,649"
22,22127,Winn,"39,264"
23,23001,Androscoggin,"26,184"
23,23003,Aroostook,"10,974"
23,23005,Cumberland,"15,371"
23,23007,Franklin,"14,350"
23,23009,Hancock,"107,399"
23,23011,Kennebec,"67,609"
23,23013,Knox,"292,181"
23,23015,Lincoln,"29,799"
23,23017,Oxford,"54,539"
23,23019,Penobscot,"121,913"
23,23021,Piscataquis,"39,759"
23,23023,Sagadahoc,"34,215"
23,23025,Somerset,"57,534"
23,23027,Waldo,"151,645"
23,23029,Washington,"16,804"
23,23031,York,"35,436"
24,24001,Allegany,"50,351"
24,24003,Anne Arundel,"39,772"
24,24005,Baltimore,"31,374"
24,24009,Calvert,"204,282"
24,24011,Caroline,"71,352"
24,24013,Carroll,"571,339"
24,24015,Cecil,"828,645"
24,24017,Charles,"91,435"
24,24019,Dorchester,"33,096"
24,24021,Frederick,"167,547"
24,24023,Garrett,"102,394"
24,24025,Harford,"159,450"
24,24027,Howard,"32,105"
24,24029,Kent,"250,622"
24,24031,Montgomery,"29,242"
24,24033,Prince Georges,"251,858"
24,24035,Queen Annes,"319,251"
24,24037,St Marys,"19,442"
24,24039,Somerset,"1,046,822"
24,24041,Talbot,"909,705"
24,24043,Washington,"49,586"
24,24045,Wicomico,"112,487"
24,24047,Worcester,"25,896"
24,24510,Baltimore City,"37,033"
25,25001,Barnstable,"150,169"
25,25003,Berkshire,"102,252"
25,25005,Bristol,"51,659"
25,25007,Dukes,"610,481"
25,25009,Essex,"213,581"
25,25011,Franklin,"126,353"
25,25013,Hampden,"560,941"
25,25015,Hampshire,"17,311"
25,25017,Middlesex,"784,453"
25,25019,Nantucket,"70,605"
25,25021,Norfolk,"467,705"
25,25023,Plymouth,"161,077"
25,25025,Suffolk,"1,603,943"
25,25027,Worcester,"11,205"
26,26001,Alcona,"700,599"
26,26003,Alger,"515,461"
26,26005,Allegan,"800,806"
26,26007,Alpena,"825,749"
26,26009,Antrim,"10,309"
26,26011,Arenac,"9,144"
26,26013,Baraga,"116,368"
26,26015,Barry,"28,428"
26,26017,Bay,"23,270"
26,26019,Benzie,"15,014"
26,26021,Berrien,"8,441"
26,26023,Branch,"60,682"
26,26025,Calhoun,"104,045"
26,26027,Cass,"17,624"
26,26029,Charlevoix,"154,128"
26,26031,Cheboygan,"43,375"
26,26033,Chippewa,"134,180"
26,26035,Clare,"51,481"
26,26037,Clinton,"26,212"
26,26039,Crawford,"25,454"
26,26041,Delta,"37,679"
26,26043,Dickinson,"30,565"
26,26045,Eaton,"78,506"
26,26047,Emmet,"13,906"
26,26049,Genesee,"35,890"
26,26051,Gladwin,"25,424"
26,26053,Gogebic,"109,456"
26,26055,Grand Traverse,"33,081"
26,26057,Gratiot,"407,488"
26,26059,Hillsdale,"25,241"
26,26061,Houghton,"15,340"
26,26063,Huron,"91,791"
26,26065,Ingham,"40,979"
26,26067,Ionia,"45,820"
26,26069,Iosco,"36,198"
26,26071,Iron,"31,306"
26,26073,Isabella,"292,018"
26,26075,Jackson,"64,284"
26,26077,Kalamazoo,"25,128"
26,26079,Kalkaska,"11,105"
26,26081,Kent,"71,077"
26,26083,Keweenaw,"158,563"
26,26085,Lake,"262,998"
26,26087,Lapeer,"17,571"
26,26089,Leelanau,"649,278"
26,26091,Lenawee,"2,085"
26,26093,Livingston,"11,981"
26,26095,Luce,"88,122"
26,26097,Mackinac,"21,645"
26,26099,Macomb,"98,427"
26,26101,Manistee,"189,869"
26,26103,Marquette,"6,370"
26,26105,Mason,"10,768"
26,26107,Mecosta,"871,364"
26,26109,Menominee,"24,393"
26,26111,Midland,"66,493"
26,26113,Missaukee,"28,996"
26,26115,Monroe,"43,258"
26,26117,Montcalm,"22,981"
26,26119,Montmorency,"83,314"
26,26121,Muskegon,"15,020"
26,26123,Newaygo,"149,449"
26,26125,Oakland,"63,527"
26,26127,Oceana,"9,233"
26,26129,Ogemaw,"173,645"
26,26131,Ontonagon,"48,320"
26,26133,Osceola,"1,256,016"
26,26135,Oscoda,"26,422"
26,26137,Otsego,"20,882"
26,26139,Ottawa,"5,889"
26,26141,Presque Isle,"23,267"
26,26143,Roscommon,"8,238"
26,26145,Saginaw,"24,528"
26,26147,St Clair,"286,581"
26,26149,St Joseph,"12,742"
26,26151,Sanilac,"23,731"
26,26153,Schoolcraft,"191,965"
26,26155,Shiawassee,"159,005"
26,26157,Tuscola,"60,710"
26,26159,Van Buren,"41,242"
26,26161,Washtenaw,"8,013"
26,26163,Wayne,"68,400"
26,26165,Wexford,"52,815"
27,27001,Aitkin,"75,303"
27,27003,Anoka,"368,807"
27,27005,Becker,"1,757,217"
27,27007,Beltrami,"33,234"
27,27009,Benton,"15,792"
27,27011,Big Stone,"350,203"
27,27013,Blue Earth,"34,082"
27,27015,Brown,"46,477"
27,27017,Carlton,"40,135"
27,27019,Carver,"5,004"
27,27021,Cass,"66,916"
27,27023,Chippewa,"25,172"
27,27025,Chisago,"35,509"
27,27027,Clay,"102,118"
27,27029,Clearwater,"29,324"
27,27031,Cook,"11,944"
27,27033,Cottonwood,"55,257"
27,27035,Crow Wing,"63,766"
27,27037,Dakota,"8,845"
27,27039,Dodge,"5,411"
27,27041,Douglas,"11,249"
27,27043,Faribault,"64,278"
27,27045,Fillmore,"421,518"
27,27047,Freeborn,"20,696"
27,27049,Goodhue,"37,520"
27,27051,Grant,"13,768"
27,27053,Hennepin,"20,980"
27,27055,Houston,"30,582"
27,27057,Hubbard,"46,307"
27,27059,Isanti,"5,916"
27,27061,Itasca,"1,247,847"
27,27063,Jackson,"18,677"
27,27065,Kanabec,"20,965"
27,27067,Kandiyohi,"39,543"
27,27069,Kittson,"45,088"
27,27071,Koochiching,"9,965"
27,27073,Lac qui Parle,"16,060"
27,27075,Lake,"42,778"
27,27077,Lake of the Woods,"4,261"
27,27079,Le Sueur,"12,506"
27,27081,Lincoln,"6,683"
27,27083,Lyon,"10,493"
27,27085,McLeod,"3,727"
27,27087,Mahnomen,"28,210"
27,27089,Marshall,"5,665"
27,27091,Martin,"25,929"
27,27093,Meeker,"35,876"
27,27095,Mille Lacs,"5,567"
27,27097,Morrison,"9,361"
27,27099,Mower,"19,866"
27,27101,Murray,"23,047"
27,27103,Nicollet,"25,861"
27,27105,Nobles,"33,084"
27,27107,Norman,"39,773"
27,27109,Olmsted,"8,332"
27,27111,Otter Tail,"34,052"
27,27113,Pennington,"21,671"
27,27115,Pine,"6,589"
27,27117,Pipestone,"154,727"
27,27119,Polk,"58,219"
27,27121,Pope,"14,178"
27,27123,Ramsey,"29,159"
27,27125,Red Lake,"9,157"
27,27127,Redwood,"31,637"
27,27129,Renville,"10,988"
27,27131,Rice,"544,886"
27,27133,Rock,"4,009"
27,27135,Roseau,"15,244"
27,27137,St Louis,"14,693"
27,27139,Scott,"66,196"
27,27141,Sherburne,"9,459"
27,27143,Sibley,"15,305"
27,27145,Stearns,"199,778"
27,27147,Steele,"145,535"
27,27149,Stevens,"94,476"
27,27151,Swift,"14,899"
27,27153,Todd,"158,301"
27,27155,Traverse,"36,787"
27,27157,Wabasha,"9,706"
27,27159,Wadena,"9,387"
27,27161,Waseca,"24,526"
27,27163,Washington,"3,304"
27,27165,Watonwan,"21,590"
27,27167,Wilkin,"13,647"
27,27169,Winona,"18,713"
27,27171,Wright,"255,464"
27,27173,Yellow Medicine,"10,934"
28,28001,Adams,"6,322"
28,28003,Alcorn,"50,718"
28,28005,Amite,"134,205"
28,28007,Attala,"9,836"
28,28009,Benton,"31,462"
28,28011,Bolivar,"37,165"
28,28013,Calhoun,"12,448"
28,28015,Carroll,"18,467"
28,28017,Chickasaw,"8,255"
28,28019,Choctaw,"31,718"
28,28021,Claiborne,"14,508"
28,28023,Clarke,"10,094"
28,28025,Clay,"17,144"
28,28027,Coahoma,"8,240"
28,28029,Copiah,"9,026"
28,28031,Covington,"15,805"
28,28033,De Soto,"19,621"
28,28035,Forrest,"23,214"
28,28037,Franklin,"28,528"
28,28039,George,"19,014"
28,28041,Greene,"179,005"
28,28043,Grenada,"75,155"
28,28045,Hancock,"7,754"
28,28047,Harrison,"23,951"
28,28049,Hinds,"13,529"
28,28051,Holmes,"21,037"
28,28053,Humphreys,"46,949"
28,28055,Issaquena,"204,966"
28,28057,Itawamba,"239,929"
28,28059,Jackson,"17,849"
28,28061,Jasper,"8,333"
28,28063,Jefferson,"1,341"
28,28065,Jefferson Davis,"23,499"
28,28067,Jones,"142,246"
28,28069,Kemper,"16,574"
28,28071,Lafayette,"7,227"
28,28073,Lamar,"11,284"
28,28075,Lauderdale,"68,364"
28,28077,Lawrence,"10,093"
28,28079,Leake,"54,178"
28,28081,Lee,"61,536"
28,28083,Leflore,"76,309"
28,28085,Lincoln,"12,629"
28,28087,Lowndes,"22,819"
28,28089,Madison,"85,071"
28,28091,Marion,"29,292"
28,28093,Marshall,"34,340"
28,28095,Monroe,"59,147"
28,28097,Montgomery,"104,584"
28,28099,Neshoba,"25,108"
28,28101,Newton,"35,590"
28,28103,Noxubee,"35,851"
28,28105,Oktibbeha,"10,143"
28,28107,Panola,"29,435"
28,28109,Pearl River,"21,396"
28,28111,Perry,"10,711"
28,28113,Pike,"49,678"
28,28115,Pontotoc,"34,158"
28,28117,Prentiss,"55,255"
28,28119,Quitman,"12,014"
28,28121,Rankin,"39,510"
28,28123,Scott,"31,709"
28,28125,Sharkey,"25,215"
28,28127,Simpson,"7,208"
28,28129,Smith,"152,904"
28,28131,Stone,"28,436"
28,28133,Sunflower,"4,415"
28,28135,Tallahatchie,"26,905"
28,28137,Tate,"16,073"
28,28139,Tippah,"18,593"
28,28141,Tishomingo,"26,142"
28,28143,Tunica,"14,094"
28,28145,Union,"28,581"
28,28147,Walthall,"21,953"
28,28149,Warren,"19,518"
28,28151,Washington,"9,984"
28,28153,Wayne,"28,486"
28,28155,Webster,"14,505"
28,28157,Wilkinson,"46,682"
28,28159,Winston,"46,197"
28,28161,Yalobusha,"20,430"
28,28163,Yazoo,"9,732"
29,29001,Adair,"8,855"
29,29003,Andrew,"18,237"
29,29005,Atchison,"12,449"
29,29007,Audrain,"28,659"
29,29009,Barry,"25,429"
29,29011,Barton,"17,474"
29,29013,Bates,"5,243"
29,29015,Benton,"25,590"
29,29017,Bollinger,"35,631"
29,29019,Boone,"11,793"
29,29021,Buchanan,"16,293"
29,29023,Butler,"19,072"
29,29025,Caldwell,"12,280"
29,29027,Callaway,"178,012"
29,29029,Camden,"88,660"
29,29031,Cape Girardeau,"42,618"
29,29033,Carroll,"9,059"
29,29035,Carter,"44,982"
29,29037,Cass,"45,473"
29,29039,Cedar,"78,261"
29,29041,Chariton,"8,779"
29,29043,Christian,"6,179"
29,29045,Clark,"103,477"
29,29047,Clay,"14,070"
29,29049,Clinton,"7,457"
29,29051,Cole,"85,392"
29,29053,Cooper,"6,720"
29,29055,Crawford,"242,527"
29,29057,Dade,"20,551"
29,29059,Dallas,"76,632"
29,29061,Daviess,"17,647"
29,29063,De Kalb,"24,107"
29,29065,Dent,"7,586"
29,29067,Douglas,"16,699"
29,29069,Dunklin,"8,358"
29,29071,Franklin,"12,532"
29,29073,Gasconade,"15,497"
29,29075,Gentry,"13,276"
29,29077,Greene,"30,121"
29,29079,Grundy,"103,315"
29,29081,Harrison,"14,683"
29,29083,Henry,"6,634"
29,29085,Hickory,"289,512"
29,29087,Holt,"9,991"
29,29089,Howard,"8,506"
29,29091,Howell,"21,695"
29,29093,Iron,"9,395"
29,29095,Jackson,"4,407"
29,29097,Jasper,"10,066"
29,29099,Jefferson,"40,074"
29,29101,Johnson,"10,181"
29,29103,Knox,"698,072"
29,29105,Laclede,"120,048"
29,29107,Lafayette,"223,769"
29,29109,Lawrence,"53,735"
29,29111,Lewis,"3,970"
29,29113,Lincoln,"35,418"
29,29115,Linn,"32,579"
29,29117,Livingston,"38,256"
29,29119,McDonald,"9,952"
29,29121,Macon,"56,045"
29,29123,Madison,"12,168"
29,29125,Maries,"15,157"
29,29127,Marion,"22,722"
29,29129,Mercer,"15,262"
29,29131,Miller,"12,230"
29,29133,Mississippi,"8,790"
29,29135,Moniteau,"28,585"
29,29137,Monroe,"3,656"
29,29139,Montgomery,"25,202"
29,29141,Morgan,"13,594"
29,29143,New Madrid,"16,047"
29,29145,Newton,"8,596"
29,29147,Nodaway,"11,378"
29,29149,Oregon,"20,162"
29,29151,Osage,"17,544"
29,29153,Ozark,"58,191"
29,29155,Pemiscot,"22,401"
29,29157,Perry,"10,553"
29,29159,Pettis,"13,658"
29,29161,Phelps,"9,227"
29,29163,Pike,"16,783"
29,29165,Platte,"19,262"
29,29167,Polk,"42,445"
29,29169,Pulaski,"44,551"
29,29171,Putnam,"18,557"
29,29173,Ralls,"101,141"
29,29175,Randolph,"31,742"
29,29177,Ray,"51,862"
29,29179,Reynolds,"4,778"
29,29181,Ripley,"10,226"
29,29183,St Charles,"24,899"
29,29185,St Clair,"22,877"
29,29186,Ste. Genevieve,"6,260"
29,29187,St Francois,"13,565"
29,29189,St Louis,"395,130"
29,29195,Saline,"9,365"
29,29197,Schuyler,"17,792"
29,29199,Scotland,"66,674"
29,29201,Scott,"996,227"
29,29203,Shannon,"22,910"
29,29205,Shelby,"4,518"
29,29207,Stoddard,"4,948"
29,29209,Stone,"38,576"
29,29211,Sullivan,"8,235"
29,29213,Taney,"5,995"
29,29215,Texas,"29,364"
29,29217,Vernon,"31,642"
29,29219,Warren,"6,212"
29,29221,Washington,"55,100"
29,29223,Wayne,"25,650"
29,29225,Webster,"20,507"
29,29227,Worth,"34,448"
29,29229,Wright,"24,994"
29,29510,St Louis City,"13,303"
30,30001,Beaverhead,"38,745"
30,30003,Big Horn,"2,041"
30,30005,Blaine,"18,210"
30,30007,Broadwater,"308,233"
30,30009,Carbon,"9,450"
30,30011,Carter,"13,483"
30,30013,Cascade,"6,745"
30,30015,Chouteau,"5,917"
30,30017,Custer,"10,680"
30,30019,Daniels,"1,223"
30,30021,Dawson,"81,633"
30,30023,Deer Lodge,"5,732"
30,30025,Fallon,"11,726"
30,30027,Fergus,"1,722"
30,30029,Flathead,"8,952"
30,30031,Gallatin,"9,100"
30,30033,Garfield,"3,004"
30,30035,Glacier,"11,281"
30,30037,Golden Valley,"100,091"
30,30039,Granite,"108,576"
30,30041,Hill,"1,281"
30,30043,Jefferson,"13,732"
30,30045,Judith Basin,817
30,30047,Lake,"3,356"
30,30049,Lewis and Clark,"16,469"
30,30051,Liberty,"11,921"
30,30053,Lincoln,"1,945"
30,30055,McCone,"30,221"
30,30057,Madison,"67,850"
30,30059,Meagher,"2,407"
30,30061,Mineral,"19,556"
30,30063,Missoula,"1,698"
30,30065,Musselshell,"8,291"
30,30067,Park,"1,852"
30,30069,Petroleum,"4,235"
30,30071,Phillips,"117,834"
30,30073,Pondera,"4,632"
30,30075,Powder River,"16,386"
30,30077,Powell,512
30,30079,Prairie,"4,113"
30,30081,Ravalli,"5,968"
30,30083,Richland,"1,750"
30,30085,Roosevelt,"6,789"
30,30087,Rosebud,"1,099"
30,30089,Sanders,"42,524"
30,30091,Sheridan,"11,027"
30,30093,Silver Bow,"11,160"
30,30095,Stillwater,"9,205"
30,30097,Sweet Grass,"11,689"
30,30099,Teton,"3,471"
30,30101,Toole,"34,811"
30,30103,Treasure,"9,419"
30,30105,Valley,"3,676"
30,30107,Wheatland,"6,091"
30,30109,Wibaux,"4,860"
30,30111,Yellowstone,673
30,30113,Yellowstone Nat Park,"7,402"
31,31001,Adams,"2,161"
31,31003,Antelope,"1,018"
31,31005,Arthur,"159,266"
31,31007,Banner,"31,808"
31,31009,Blaine,"6,341"
31,31011,Boone,455
31,31013,Box Butte,726
31,31015,Boyd,479
31,31017,Brown,"5,320"
31,31019,Buffalo,"10,835"
31,31021,Burt,"1,955"
31,31023,Butler,"3,000"
31,31025,Cass,"49,350"
31,31027,Cedar,"6,531"
31,31029,Chase,"8,032"
31,31031,Cherry,"25,935"
31,31033,Cheyenne,"8,515"
31,31035,Clay,"3,928"
31,31037,Colfax,"5,790"
31,31039,Cuming,"9,644"
31,31041,Custer,"6,186"
31,31043,Dakota,"10,700"
31,31045,Dawes,"8,947"
31,31047,Dawson,"10,869"
31,31049,Deuel,"20,010"
31,31051,Dixon,"8,888"
31,31053,Dodge,"23,657"
31,31055,Douglas,"1,861"
31,31057,Dundy,"5,746"
31,31059,Fillmore,"36,789"
31,31061,Franklin,"560,733"
31,31063,Frontier,"1,783"
31,31065,Furnas,"5,561"
31,31067,Gage,"2,974"
31,31069,Garden,"2,623"
31,31071,Garfield,"4,763"
31,31073,Gosper,"21,621"
31,31075,Grant,"1,890"
31,31077,Greeley,"1,986"
31,31079,Hall,"2,028"
31,31081,Hamilton,649
31,31083,Harlan,"2,363"
31,31085,Hayes,"61,201"
31,31087,Hitchcock,"9,194"
31,31089,Holt,"3,415"
31,31091,Hooker,893
31,31093,Howard,"2,806"
31,31095,Jefferson,"10,182"
31,31097,Johnson,666
31,31099,Kearney,"6,396"
31,31101,Keith,"7,176"
31,31103,Keya Paha,"5,169"
31,31105,Kimball,"6,492"
31,31107,Knox,"8,070"
31,31109,Lancaster,790
31,31111,Lincoln,"3,568"
31,31113,Logan,"8,439"
31,31115,Loup,"313,772"
31,31117,McPherson,"35,265"
31,31119,Madison,765
31,31121,Merrick,604
31,31123,Morrill,493
31,31125,Nance,"35,132"
31,31127,Nemaha,"7,859"
31,31129,Nuckolls,"4,796"
31,31131,Otoe,"3,561"
31,31133,Pawnee,"6,957"
31,31135,Perkins,"4,269"
31,31137,Phelps,"15,956"
31,31139,Pierce,"2,621"
31,31141,Platte,"2,886"
31,31143,Polk,"9,050"
31,31145,Red Willow,"7,093"
31,31147,Richardson,"33,231"
31,31149,Rock,"5,309"
31,31151,Saline,"10,760"
31,31153,Sarpy,"7,971"
31,31155,Saunders,"1,420"
31,31157,Scotts Bluff,"14,365"
31,31159,Seward,"181,376"
31,31161,Sheridan,"21,032"
31,31163,Sherman,"36,160"
31,31165,Sioux,"17,203"
31,31167,Stanton,"5,268"
31,31169,Thayer,"3,074"
31,31171,Thomas,"1,195"
31,31173,Thurston,"5,974"
31,31175,Valley,"5,034"
31,31177,Washington,722
31,31179,Wayne,"7,196"
31,31181,Webster,"4,227"
31,31183,Wheeler,"20,328"
31,31185,York,"9,213"
32,32001,Churchill,"3,505"
32,32003,Clark,815
32,32005,Douglas,"13,762"
32,32007,Elko,"24,021"
32,32009,Esmeralda,"2,181,635"
32,32011,Eureka,"48,030"
32,32013,Humboldt,"52,357"
32,32015,Lander,843
32,32017,Lincoln,"1,946"
32,32019,Lyon,"16,719"
32,32021,Mineral,"5,579"
32,32023,Nye,"5,191"
32,32027,Pershing,"53,895"
32,32029,Storey,"4,455"
32,32031,Washoe,"43,977"
32,32033,White Pine,"6,469"
32,32510,Carson City,"3,976"
33,33001,Belknap,"456,629"
33,33003,Carroll,"9,651"
33,33005,Cheshire,"54,532"
33,33007,Coos,"60,872"
33,33009,Grafton,"48,132"
33,33011,Hillsborough,"75,963"
33,33013,Merrimack,"31,396"
33,33015,Rockingham,"89,853"
33,33017,Strafford,"413,204"
33,33019,Sullivan,"149,830"
34,34001,Atlantic,"306,669"
34,34003,Bergen,"129,841"
34,34005,Burlington,"43,027"
34,34007,Camden,"265,498"
34,34009,Cape May,"932,420"
34,34011,Cumberland,"445,610"
34,34013,Essex,"506,224"
34,34015,Gloucester,"93,129"
34,34017,Hudson,"151,423"
34,34019,Hunterdon,"796,349"
34,34021,Mercer,"290,961"
34,34023,Middlesex,"672,826"
34,34025,Monmouth,"124,712"
34,34027,Morris,"368,168"
34,34029,Ocean,"827,363"
34,34031,Passaic,"621,990"
34,34033,Salem,"493,920"
34,34035,Somerset,"595,424"
34,34037,Sussex,"504,402"
34,34039,Union,"62,883"
34,34041,Warren,"330,573"
35,35001,Bernalillo,"141,197"
35,35003,Catron,"554,738"
35,35005,Chaves,"105,715"
35,35006,Cibola,"678,203"
35,35007,Colfax,"3,553"
35,35009,Curry,"65,080"
35,35011,De Baca,"26,921"
35,35013,Dona Ana,"12,151"
35,35015,Eddy,"49,794"
35,35017,Grant,"1,805"
35,35019,Guadalupe,"216,174"
35,35021,Harding,"57,108"
35,35023,Hidalgo,"27,642"
35,35025,Lea,"4,410"
35,35027,Lincoln,684
35,35028,Los Alamos,"4,298"
35,35029,Luna,"69,046"
35,35031,McKinley,"19,468"
35,35033,Mora,"18,742"
35,35035,Otero,"24,100"
35,35037,Quay,"72,423"
35,35039,Rio Arriba,"4,530"
35,35041,Roosevelt,"66,121"
35,35043,Sandoval,"8,299"
35,35045,San Juan,"39,235"
35,35047,San Miguel,"18,900"
35,35049,Santa Fe,"142,689"
35,35051,Sierra,"126,917"
35,35053,Socorro,"27,715"
35,35055,Taos,"149,491"
35,35057,Torrance,"11,064"
35,35059,Union,"16,832"
35,35061,Valencia,"32,790"
36,36001,Albany,"15,535"
36,36003,Allegany,"4,180"
36,36005,Bronx,"75,884"
36,36007,Broome,"307,717"
36,36009,Cattaraugus,"46,639"
36,36011,Cayuga,"1,440,625"
36,36013,Chautauqua,"193,100"
36,36015,Chemung,"77,176"
36,36017,Chenango,"77,457"
36,36019,Clinton,"128,372"
36,36021,Columbia,"84,736"
36,36023,Cortland,"47,805"
36,36025,Delaware,"80,531"
36,36027,Dutchess,"60,338"
36,36029,Erie,"47,815"
36,36031,Essex,"45,028"
36,36033,Franklin,"293,545"
36,36035,Fulton,"919,034"
36,36037,Genesee,"37,487"
36,36039,Greene,"50,465"
36,36041,Hamilton,"53,802"
36,36043,Herkimer,"57,798"
36,36045,Jefferson,"47,442"
36,36047,Kings,"4,471"
36,36049,Lewis,"62,163"
36,36051,Livingston,"113,157"
36,36053,Madison,"2,594,676"
36,36055,Monroe,"26,605"
36,36057,Montgomery,"63,483"
36,36059,Nassau,"70,942"
36,36061,New York,"742,724"
36,36063,Niagara,"49,163"
36,36065,Oneida,"1,357,293"
36,36067,Onondaga,"1,630,698"
36,36069,Ontario,"210,848"
36,36071,Orange,"230,011"
36,36073,Orleans,"461,795"
36,36075,Oswego,"109,538"
36,36077,Otsego,"379,758"
36,36079,Putnam,"40,786"
36,36081,Queens,"118,427"
36,36083,Rensselaer,"59,920"
36,36085,Richmond,"98,856"
36,36087,Rockland,"2,295,808"
36,36089,St Lawrence,"159,200"
36,36091,Saratoga,"475,671"
36,36093,Schenectady,"324,622"
36,36095,Schoharie,"108,699"
36,36097,Schuyler,"229,276"
36,36099,Seneca,"154,710"
36,36101,Steuben,"31,255"
36,36103,Suffolk,"17,913"
36,36105,Sullivan,"34,246"
36,36107,Tioga,"96,360"
36,36109,Tompkins,"1,483,358"
36,36111,Ulster,"74,994"
36,36113,Warren,"48,609"
36,36115,Washington,"102,664"
36,36117,Wayne,"178,635"
36,36119,Westchester,"64,365"
36,36121,Wyoming,"61,559"
36,36123,Yates,"90,429"
37,37001,Alamance,"969,689"
37,37003,Alexander,"40,282"
37,37005,Alleghany,"25,002"
37,37007,Anson,"163,276"
37,37009,Ashe,"37,143"
37,37011,Avery,"10,988"
37,37013,Beaufort,"24,829"
37,37015,Bertie,"26,787"
37,37017,Bladen,"17,517"
37,37019,Brunswick,"47,033"
37,37021,Buncombe,"19,263"
37,37023,Burke,"33,443"
37,37025,Cabarrus,"130,859"
37,37027,Caldwell,"257,071"
37,37029,Camden,"90,157"
37,37031,Carteret,"206,988"
37,37033,Caswell,"81,933"
37,37035,Catawba,"10,532"
37,37037,Chatham,"68,921"
37,37039,Cherokee,"22,616"
37,37041,Chowan,"157,852"
37,37043,Clay,"71,189"
37,37045,Cleveland,"27,954"
37,37047,Columbus,"14,029"
37,37049,Craven,"11,004"
37,37051,Cumberland,"97,134"
37,37053,Currituck,"56,047"
37,37055,Dare,"102,492"
37,37057,Davidson,"330,994"
37,37059,Davie,"26,290"
37,37061,Duplin,"36,199"
37,37063,Durham,"165,180"
37,37065,Edgecombe,"42,308"
37,37067,Forsyth,"58,943"
37,37069,Franklin,"312,153"
37,37071,Gaston,"52,756"
37,37073,Gates,"375,840"
37,37075,Graham,"66,155"
37,37077,Granville,"219,656"
37,37079,Greene,"11,514"
37,37081,Guilford,"8,524"
37,37083,Halifax,"59,372"
37,37085,Harnett,"20,963"
37,37087,Haywood,"528,243"
37,37089,Henderson,"51,311"
37,37091,Hertford,"132,395"
37,37093,Hoke,"61,005"
37,37095,Hyde,"115,216"
37,37097,Iredell,"23,923"
37,37099,Jackson,"54,138"
37,37101,Johnston,"5,240"
37,37103,Jones,"175,634"
37,37105,Lee,"43,224"
37,37107,Lenoir,"196,374"
37,37109,Lincoln,"9,573"
37,37111,McDowell,"60,403"
37,37113,Macon,"56,622"
37,37115,Madison,"82,557"
37,37117,Martin,"45,083"
37,37119,Mecklenburg,"34,581"
37,37121,Mitchell,"21,563"
37,37123,Montgomery,"22,763"
37,37125,Moore,"1,078,128"
37,37127,Nash,"14,992"
37,37129,New Hanover,"27,269"
37,37131,Northampton,"97,368"
37,37133,Onslow,"94,019"
37,37135,Orange,"228,728"
37,37137,Pamlico,"19,890"
37,37139,Pasquotank,"195,066"
37,37141,Pender,"143,626"
37,37143,Perquimans,"12,638"
37,37145,Person,"39,386"
37,37147,Pitt,"60,719"
37,37149,Polk,"13,439"
37,37151,Randolph,"39,338"
37,37153,Richmond,"178,607"
37,37155,Robeson,"20,564"
37,37157,Rockingham,"143,037"
37,37159,Rowan,"44,827"
37,37161,Rutherford,"132,626"
37,37163,Sampson,"90,791"
37,37165,Scotland,"140,356"
37,37167,Stanly,"66,529"
37,37169,Stokes,"63,263"
37,37171,Surry,"35,174"
37,37173,Swain,"61,505"
37,37175,Transylvania,"45,724"
37,37177,Tyrrell,"72,107"
37,37179,Union,"14,263"
37,37181,Vance,"33,767"
37,37183,Wake,"4,180"
37,37185,Warren,"231,350"
37,37187,Washington,"44,281"
37,37189,Watauga,"1,071,706"
37,37191,Wayne,"19,849"
37,37193,Wilkes,"11,944"
37,37195,Wilson,"55,181"
37,37197,Yadkin,"123,034"
37,37199,Yancey,"68,489"
38,38001,Adams,"81,436"
38,38003,Barnes,"37,588"
38,38005,Benson,"17,697"
38,38007,Billings,"2,324"
38,38009,Bottineau,"10,679"
38,38011,Bowman,"6,916"
38,38013,Burke,922
38,38015,Burleigh,"6,522"
38,38017,Cass,"3,150"
38,38019,Cavalier,"2,128"
38,38021,Dickey,"95,247"
38,38023,Divide,"177,745"
38,38025,Dunn,"3,793"
38,38027,Eddy,"4,848"
38,38029,Emmons,"2,295"
38,38031,Foster,"4,274"
38,38033,Golden Valley,"2,315"
38,38035,Grand Forks,"3,298"
38,38037,Grant,"3,249"
38,38039,Griggs,"1,779"
38,38041,Hettinger,"70,489"
38,38043,Kidder,"2,363"
38,38045,La Moure,"2,244"
38,38047,Logan,"2,479"
38,38049,McHenry,"2,471"
38,38051,McIntosh,"4,101"
38,38053,McKenzie,"1,919"
38,38055,McLean,"5,890"
38,38057,Mercer,"2,608"
38,38059,Morton,"12,688"
38,38061,Mountrail,"9,636"
38,38063,Nelson,"8,457"
38,38065,Oliver,"30,938"
38,38067,Pembina,"10,276"
38,38069,Pierce,"2,902"
38,38071,Ramsey,"1,930"
38,38073,Ransom,"6,962"
38,38075,Renville,"4,096"
38,38077,Richland,"11,596"
38,38079,Rolette,"5,303"
38,38081,Sargent,"2,455"
38,38083,Sheridan,"16,287"
38,38085,Sioux,"14,614"
38,38087,Slope,"3,862"
38,38089,Stark,"1,351"
38,38091,Steele,"4,425"
38,38093,Stutsman,767
38,38095,Towner,"30,291"
38,38097,Traill,"1,906"
38,38099,Walsh,"21,132"
38,38101,Ward,"2,244"
38,38103,Wells,"7,998"
38,38105,Williams,"10,801"
39,39001,Adams,"68,516"
39,39003,Allen,"3,994"
39,39005,Ashland,"33,467"
39,39007,Ashtabula,"27,753"
39,39009,Athens,"103,093"
39,39011,Auglaize,"53,662"
39,39013,Belmont,"97,748"
39,39015,Brown,"66,503"
39,39017,Butler,"45,753"
39,39019,Carroll,"68,002"
39,39021,Champaign,"43,523"
39,39023,Clark,"380,607"
39,39025,Clermont,"27,324"
39,39027,Clinton,"38,851"
39,39029,Columbiana,"134,549"
39,39031,Coshocton,"204,260"
39,39033,Crawford,"42,004"
39,39035,Cuyahoga,"103,062"
39,39037,Darke,"36,536"
39,39039,Defiance,"41,710"
39,39041,Delaware,"1,247,581"
39,39043,Erie,"51,549"
39,39045,Fairfield,"38,156"
39,39047,Fayette,"200,870"
39,39049,Franklin,"74,760"
39,39051,Fulton,"154,686"
39,39053,Gallia,"28,639"
39,39055,Geauga,"1,295,510"
39,39057,Greene,"42,265"
39,39059,Guernsey,"30,162"
39,39061,Hamilton,"93,881"
39,39063,Hancock,"166,566"
39,39065,Hardin,"39,066"
39,39067,Harrison,"814,170"
39,39069,Henry,"75,973"
39,39071,Highland,"31,329"
39,39073,Hocking,"15,202"
39,39075,Holmes,"27,179"
39,39077,Huron,"42,903"
39,39079,Jackson,"28,436"
39,39081,Jefferson,"43,895"
39,39083,Knox,"58,393"
39,39085,Lake,"32,386"
39,39087,Lawrence,"66,318"
39,39089,Licking,"61,271"
39,39091,Logan,"230,159"
39,39093,Lorain,"60,075"
39,39095,Lucas,"173,617"
39,39097,Madison,"45,198"
39,39099,Mahoning,"307,441"
39,39101,Marion,"431,039"
39,39103,Medina,"44,041"
39,39105,Meigs,"229,791"
39,39107,Mercer,"65,076"
39,39109,Miami,"178,176"
39,39111,Monroe,"23,071"
39,39113,Montgomery,"40,858"
39,39115,Morgan,"105,200"
39,39117,Morrow,"13,931"
39,39119,Muskingum,"531,467"
39,39121,Noble,"14,644"
39,39123,Ottawa,"34,911"
39,39125,Paulding,"86,123"
39,39127,Perry,"14,400"
39,39129,Pickaway,"40,623"
39,39131,Pike,"18,831"
39,39133,Portage,"35,972"
39,39135,Preble,"57,740"
39,39137,Putnam,"28,088"
39,39139,Richland,"162,473"
39,39141,Ross,"41,116"
39,39143,Sandusky,"33,860"
39,39145,Scioto,"120,430"
39,39147,Seneca,"77,295"
39,39149,Shelby,"59,093"
39,39151,Stark,"75,976"
39,39153,Summit,"55,267"
39,39155,Trumbull,"48,738"
39,39157,Tuscarawas,"372,003"
39,39159,Union,"541,514"
39,39161,Van Wert,"200,281"
39,39163,Vinton,"92,308"
39,39165,Warren,"56,798"
39,39167,Washington,"28,283"
39,39169,Wayne,"13,082"
39,39171,Williams,"228,709"
39,39173,Wood,"60,491"
39,39175,Wyandot,"116,168"
40,40001,Adair,"36,707"
40,40003,Alfalfa,"130,437"
40,40005,Atoka,"22,063"
40,40007,Beaver,"22,119"
40,40009,Beckham,"5,913"
40,40011,Blaine,"13,779"
40,40013,Bryan,"5,364"
40,40015,Caddo,"21,779"
40,40017,Canadian,"9,512"
40,40019,Carter,"46,481"
40,40021,Cherokee,"29,356"
40,40023,Choctaw,"140,001"
40,40025,Cimarron,"48,273"
40,40027,Cleveland,"48,891"
40,40029,Coal,"14,804"
40,40031,Comanche,"2,152"
40,40033,Cotton,"279,542"
40,40035,Craig,"5,630"
40,40037,Creek,"121,786"
40,40039,Custer,"5,863"
40,40041,Delaware,"14,332"
40,40043,Dewey,"71,890"
40,40045,Ellis,"28,974"
40,40047,Garfield,"42,672"
40,40049,Garvin,"4,899"
40,40051,Grady,"3,970"
40,40053,Grant,"61,600"
40,40055,Greer,"27,857"
40,40057,Harmon,"54,829"
40,40059,Harper,"4,379"
40,40061,Haskell,"5,793"
40,40063,Hughes,"2,710"
40,40065,Jackson,"3,784"
40,40067,Jefferson,"12,726"
40,40069,Johnston,"13,265"
40,40071,Kay,"25,112"
40,40073,Kingfisher,"6,164"
40,40075,Kiowa,"11,121"
40,40077,Latimer,"44,403"
40,40079,Le Flore,"15,688"
40,40081,Lincoln,"8,849"
40,40083,Logan,"10,318"
40,40085,Love,"50,020"
40,40087,McClain,"34,961"
40,40089,McCurtain,"46,785"
40,40091,McIntosh,"10,076"
40,40093,Major,"39,306"
40,40095,Marshall,"33,031"
40,40097,Mayes,"19,701"
40,40099,Murray,"7,684"
40,40101,Muskogee,"16,364"
40,40103,Noble,"40,988"
40,40105,Nowata,"13,918"
40,40107,Okfuskee,"69,027"
40,40109,Oklahoma,"11,303"
40,40111,Okmulgee,"10,322"
40,40113,Osage,"12,076"
40,40115,Ottawa,"786,068"
40,40117,Pawnee,"38,819"
40,40119,Payne,"47,346"
40,40121,Pittsburg,"31,368"
40,40123,Pontotoc,"16,419"
40,40125,Pottawatomie,"81,908"
40,40127,Pushmataha,"44,154"
40,40129,Roger Mills,"38,371"
40,40131,Rogers,"72,185"
40,40133,Seminole,"11,118"
40,40135,Sequoyah,"3,661"
40,40137,Stephens,"91,435"
40,40139,Texas,"24,845"
40,40141,Tillman,"41,742"
40,40143,Tulsa,"43,340"
40,40145,Wagoner,"20,924"
40,40147,Washington,"7,399"
40,40149,Washita,"646,437"
40,40151,Woods,"78,984"
40,40153,Woodward,"51,996"
41,41001,Baker,"11,055"
41,41003,Benton,"9,069"
41,41005,Clackamas,"20,531"
41,41007,Clatsop,"16,083"
41,41009,Columbia,"91,790"
41,41011,Coos,"412,442"
41,41013,Crook,"39,101"
41,41015,Curry,"51,724"
41,41017,Deschutes,"63,708"
41,41019,Douglas,"23,065"
41,41021,Gilliam,"22,630"
41,41023,Grant,"186,744"
41,41025,Harney,"109,197"
41,41027,Hood River,"1,862"
41,41029,Jackson,"7,188"
41,41031,Jefferson,"7,258"
41,41033,Josephine,"23,398"
41,41035,Klamath,"216,746"
41,41037,Lake,"23,652"
41,41039,Lane,"86,584"
41,41041,Lincoln,"66,810"
41,41043,Linn,"7,874"
41,41045,Malheur,"375,264"
41,41047,Marion,"48,757"
41,41049,Morrow,"125,035"
41,41051,Multnomah,"30,385"
41,41053,Polk,"340,531"
41,41055,Sherman,"11,198"
41,41057,Tillamook,"807,885"
41,41059,Umatilla,"83,711"
41,41061,Union,"1,735"
41,41063,Wallowa,"26,522"
41,41065,Wasco,"77,120"
41,41067,Washington,"26,383"
41,41069,Wheeler,"7,025"
41,41071,Yamhill,"26,296"
42,42001,Adams,"591,336"
42,42003,Allegheny,"1,348"
42,42005,Armstrong,"105,238"
42,42007,Beaver,"102,562"
42,42009,Bedford,"1,220,141"
42,42011,Berks,"65,991"
42,42013,Blair,"165,654"
42,42015,Bradford,"48,356"
42,42017,Bucks,"417,511"
42,42019,Butler,"123,147"
42,42021,Cambria,"60,963"
42,42023,Cameron,"626,811"
42,42025,Carbon,"186,828"
42,42027,Centre,"132,960"
42,42029,Chester,"4,619"
42,42031,Clarion,"63,828"
42,42033,Clearfield,"162,316"
42,42035,Clinton,"518,901"
42,42037,Columbia,"38,998"
42,42039,Crawford,"79,799"
42,42041,Cumberland,"38,830"
42,42043,Dauphin,"65,581"
42,42045,Delaware,"85,772"
42,42047,Elk,"249,024"
42,42049,Erie,"275,714"
42,42051,Fayette,"563,858"
42,42053,Forest,"30,271"
42,42055,Franklin,"273,558"
42,42057,Fulton,"131,309"
42,42059,Greene,"7,317"
42,42061,Huntingdon,"154,376"
42,42063,Indiana,"14,469"
42,42065,Jefferson,"36,846"
42,42067,Juniata,"45,429"
42,42069,Lackawanna,"84,743"
42,42071,Lancaster,"43,818"
42,42073,Lawrence,"24,635"
42,42075,Lebanon,"210,451"
42,42077,Lehigh,"541,332"
42,42079,Luzerne,"86,546"
42,42081,Lycoming,"139,553"
42,42083,McKean,"365,577"
42,42085,Mercer,"317,808"
42,42087,Mifflin,"114,012"
42,42089,Monroe,"41,362"
42,42091,Montgomery,"111,473"
42,42093,Montour,"46,290"
42,42095,Northampton,"167,895"
42,42097,Northumberland,"824,303"
42,42099,Perry,"18,270"
42,42101,Philadelphia,"302,801"
42,42103,Pike,"91,721"
42,42105,Potter,"46,046"
42,42107,Schuylkill,"1,580,601"
42,42109,Snyder,"55,397"
42,42111,Somerset,"16,841"
42,42113,Sullivan,"142,580"
42,42115,Susquehanna,"40,594"
42,42117,Tioga,"74,242"
42,42119,Union,"6,142"
42,42121,Venango,"40,934"
42,42123,Warren,"40,671"
42,42125,Washington,"44,642"
42,42127,Wayne,"51,790"
42,42129,Westmoreland,"39,679"
42,42131,Wyoming,"207,075"
42,42133,York,"51,192"
44,44001,Bristol,"352,006"
44,44003,Kent,"27,396"
44,44005,Newport,"445,484"
44,44007,Providence,"48,734"
44,44009,Washington,"163,543"
45,45001,Abbeville,"82,952"
45,45003,Aiken,"634,130"
45,45005,Allendale,"126,314"
45,45007,Anderson,"24,567"
45,45009,Bamberg,"168,325"
45,45011,Barnwell,"9,012"
45,45013,Beaufort,"198,186"
45,45015,Berkeley,"14,384"
45,45017,Calhoun,"21,355"
45,45019,Charleston,"186,497"
45,45021,Cherokee,"214,541"
45,45023,Chester,"14,696"
45,45025,Chesterfield,"402,008"
45,45027,Clarendon,"56,913"
45,45029,Colleton,"32,299"
45,45031,Darlington,"45,979"
45,45033,Dillon,"34,012"
45,45035,Dorchester,"37,555"
45,45037,Edgefield,"66,981"
45,45039,Fairfield,"30,496"
45,45041,Florence,"158,988"
45,45043,Georgetown,"26,837"
45,45045,Greenville,"22,593"
45,45047,Greenwood,"138,495"
45,45049,Hampton,"61,826"
45,45051,Horry,"506,831"
45,45053,Jasper,"70,496"
45,45055,Kershaw,"19,498"
45,45057,Lancaster,"332,655"
45,45059,Laurens,"28,522"
45,45061,Lee,"65,213"
45,45063,Lexington,"92,411"
45,45065,McCormick,"66,822"
45,45067,Marion,"17,388"
45,45069,Marlboro,"290,338"
45,45071,Newberry,"9,554"
45,45073,Oconee,"31,295"
45,45075,Orangeburg,"26,691"
45,45077,Pickens,"38,381"
45,45079,Richland,"77,388"
45,45081,Saluda,"87,671"
45,45083,Spartanburg,"123,518"
45,45085,Sumter,"411,800"
45,45087,Union,"20,299"
45,45089,Williamsburg,"306,740"
45,45091,York,"106,431"
46,46003,Aurora,"27,400"
46,46005,Beadle,"31,216"
46,46007,Bennett,"266,165"
46,46009,Bon Homme,"2,769"
46,46011,Brookings,"18,541"
46,46013,Brown,"3,446"
46,46015,Brule,"6,952"
46,46017,Buffalo,"34,749"
46,46019,Butte,"39,290"
46,46021,Campbell,"5,304"
46,46023,Charles Mix,"2,013"
46,46025,Clark,"10,114"
46,46027,Clay,"1,372"
46,46029,Codington,"9,404"
46,46031,Corson,"3,679"
46,46033,Custer,"14,032"
46,46035,Davison,"28,125"
46,46037,Day,"4,195"
46,46039,Deuel,"8,763"
46,46041,Dewey,"19,870"
46,46043,Douglas,"5,494"
46,46045,Edmunds,"4,311"
46,46047,Fall River,"5,857"
46,46049,Faulk,"2,927"
46,46051,Grant,"3,915"
46,46053,Gregory,"6,698"
46,46055,Haakon,"2,323"
46,46057,Hamlin,"7,159"
46,46059,Hand,"4,206"
46,46061,Hanson,"1,921"
46,46063,Harding,"5,998"
46,46065,Hughes,"3,275"
46,46067,Hutchinson,"3,409"
46,46069,Hyde,"1,244"
46,46071,Jackson,"17,670"
46,46073,Jerauld,"7,349"
46,46075,Jones,"1,297"
46,46077,Kingsbury,"3,269"
46,46079,Lake,"2,024"
46,46081,Lawrence,922
46,46083,Lincoln,"4,929"
46,46085,Lyman,"12,795"
46,46087,McCook,"25,677"
46,46089,McPherson,"56,681"
46,46091,Marshall,"3,876"
46,46093,Meade,"5,561"
46,46095,Mellette,"2,401"
46,46097,Miner,"4,945"
46,46099,Minnehaha,"27,941"
46,46101,Moody,"2,063"
46,46103,Pennington,"2,200"
46,46105,Perkins,"189,538"
46,46107,Potter,"6,494"
46,46109,Roberts,"14,384"
46,46111,Sanborn,"110,503"
46,46113,Shannon,"2,962"
46,46115,Spink,"2,214"
46,46117,Stanley,"10,265"
46,46119,Sully,"2,435"
46,46121,Todd,"6,507"
46,46123,Tripp,"2,986"
46,46125,Turner,"1,398"
46,46127,Union,"10,277"
46,46129,Walworth,"5,443"
46,46135,Yankton,"8,303"
46,46137,Ziebach,"15,277"
47,47001,Anderson,"5,497"
47,47003,Bedford,"22,682"
47,47005,Benton,"2,748"
47,47007,Bledsoe,"76,056"
47,47009,Blount,"48,211"
47,47011,Bradley,"15,993"
47,47013,Campbell,"14,895"
47,47015,Cannon,"129,999"
47,47017,Carroll,"105,421"
47,47019,Carter,"39,791"
47,47021,Cheatham,"14,157"
47,47023,Chester,"27,807"
47,47025,Claiborne,"56,510"
47,47027,Clay,"40,366"
47,47029,Cocke,"17,154"
47,47031,Coffee,"31,661"
47,47033,Crockett,"7,663"
47,47035,Cumberland,"35,528"
47,47037,Davidson,"55,016"
47,47039,Decatur,"14,436"
47,47041,De Kalb,"59,023"
47,47043,Dickson,"687,159"
47,47045,Dyer,"11,732"
47,47047,Fayette,"19,876"
47,47049,Fentress,"52,774"
47,47051,Franklin,"37,339"
47,47053,Gibson,"40,150"
47,47055,Giles,"18,214"
47,47057,Grainger,"41,623"
47,47059,Greene,"49,255"
47,47061,Grundy,"29,379"
47,47063,Hamblen,"23,106"
47,47065,Hamilton,"68,821"
47,47067,Hancock,"13,332"
47,47069,Hardeman,"64,062"
47,47071,Hardin,"361,032"
47,47073,Hawkins,"6,593"
47,47075,Haywood,"25,488"
47,47077,Henderson,"25,738"
47,47079,Henry,"56,620"
47,47081,Hickman,"17,607"
47,47083,Houston,"27,851"
47,47085,Humphreys,"32,380"
47,47087,Jackson,"24,839"
47,47089,Jefferson,"8,158"
47,47091,Johnson,"18,503"
47,47093,Knox,"11,702"
47,47095,Lake,"53,730"
47,47097,Lauderdale,"17,603"
47,47099,Lawrence,"461,565"
47,47101,Lewis,"7,451"
47,47103,Lincoln,"26,093"
47,47105,Loudon,"43,388"
47,47107,McMinn,"12,025"
47,47109,McNairy,"33,892"
47,47111,Macon,"52,260"
47,47113,Madison,"52,931"
47,47115,Marion,"26,001"
47,47117,Marshall,"23,905"
47,47119,Maury,"97,491"
47,47121,Meigs,"28,406"
47,47123,Monroe,"33,020"
47,47125,Montgomery,"92,237"
47,47127,Moore,"12,042"
47,47129,Morgan,"46,035"
47,47131,Obion,"199,771"
47,47133,Overton,"6,391"
47,47135,Perry,"21,555"
47,47137,Pickett,"30,375"
47,47139,Polk,"21,998"
47,47141,Putnam,"7,954"
47,47143,Rhea,"5,062"
47,47145,Roane,"16,759"
47,47147,Robertson,"77,299"
47,47149,Rutherford,"32,671"
47,47151,Scott,"53,020"
47,47153,Sequatchie,"70,328"
47,47155,Sevier,"316,531"
47,47157,Shelby,"21,964"
47,47159,Smith,"14,767"
47,47161,Stewart,"97,307"
47,47163,Sullivan,"935,251"
47,47165,Sumner,"19,732"
47,47167,Tipton,"13,422"
47,47169,Trousdale,"156,924"
47,47171,Unicoi,"183,756"
47,47173,Union,"61,305"
47,47175,Van Buren,"10,831"
47,47177,Warren,"17,796"
47,47179,Washington,"19,399"
47,47181,Wayne,"5,747"
47,47183,Weakley,"40,717"
47,47185,White,"127,603"
47,47187,Williamson,"16,641"
47,47189,Wilson,"33,325"
48,48001,Anderson,"26,764"
48,48003,Andrews,"226,048"
48,48005,Angelina,"136,691"
48,48007,Aransas,"58,175"
48,48009,Archer,"17,603"
48,48011,Armstrong,"87,572"
48,48013,Atascosa,"25,392"
48,48015,Austin,"8,783"
48,48017,Bailey,"1,867"
48,48019,Bandera,"49,083"
48,48021,Bastrop,"29,722"
48,48023,Baylor,"7,066"
48,48025,Bee,"22,327"
48,48027,Bell,"84,585"
48,48029,Bexar,"3,555"
48,48031,Blanco,"32,592"
48,48033,Borden,"347,377"
48,48035,Bosque,"1,956,988"
48,48037,Bowie,"11,481"
48,48039,Brazoria,670
48,48041,Brazos,"18,295"
48,48043,Brewster,"93,458"
48,48045,Briscoe,"361,853"
48,48047,Brooks,"223,917"
48,48049,Brown,"9,325"
48,48051,Burleson,"1,514"
48,48053,Burnet,"7,132"
48,48055,Caldwell,"37,815"
48,48057,Calhoun,"18,053"
48,48059,Callahan,"46,600"
48,48061,Cameron,"42,328"
48,48063,Camp,"21,712"
48,48065,Carson,"13,968"
48,48067,Cass,"422,227"
48,48069,Castro,"12,845"
48,48071,Chambers,"6,005"
48,48073,Cherokee,"29,966"
48,48075,Childress,"7,696"
48,48077,Clay,"41,269"
48,48079,Cochran,"52,116"
48,48081,Coke,"7,269"
48,48083,Coleman,"10,484"
48,48085,Collin,"2,853"
48,48087,Collingsworth,"3,285"
48,48089,Colorado,"8,399"
48,48091,Comal,"971,864"
48,48093,Comanche,"2,964"
48,48095,Concho,"21,291"
48,48097,Cooke,"140,721"
48,48099,Coryell,"13,533"
48,48101,Cottle,"2,707"
48,48103,Crane,"39,932"
48,48105,Crockett,"74,760"
48,48107,Crosby,"1,375"
48,48109,Culberson,"4,685"
48,48111,Dallam,"3,535"
48,48113,Dallas,"5,849"
48,48115,Dawson,"2,230"
48,48117,Deaf Smith,"7,272"
48,48119,Delta,"2,620,154"
48,48121,Denton,"12,744"
48,48123,De Witt,"18,753"
48,48125,Dickens,"5,276"
48,48127,Dimmit,"835,364"
48,48129,Donley,"20,180"
48,48131,Duval,"2,190"
48,48133,Eastland,"10,282"
48,48135,Ector,"3,340"
48,48137,Edwards,"11,270"
48,48139,Ellis,"18,294"
48,48141,El Paso,"156,951"
48,48143,Erath,"1,929"
48,48145,Falls,"173,405"
48,48147,Fannin,"837,401"
48,48149,Fayette,"41,723"
48,48151,Fisher,"17,340"
48,48153,Floyd,"34,550"
48,48155,Foard,"25,119"
48,48157,Fort Bend,"3,874"
48,48159,Franklin,"5,830"
48,48161,Freestone,"1,202"
48,48163,Frio,"767,712"
48,48165,Gaines,"10,798"
48,48167,Galveston,"19,649"
48,48169,Garza,"19,895"
48,48171,Gillespie,"20,553"
48,48173,Glasscock,"334,633"
48,48175,Goliad,"6,490"
48,48177,Gonzales,"26,483"
48,48179,Gray,"1,363"
48,48181,Grayson,"7,552"
48,48183,Gregg,"20,742"
48,48185,Grimes,"22,106"
48,48187,Guadalupe,"131,152"
48,48189,Hale,"122,852"
48,48191,Hall,"27,955"
48,48193,Hamilton,"159,639"
48,48195,Hansford,"33,954"
48,48197,Hardeman,"3,042"
48,48199,Hardin,"8,407"
48,48201,Harris,"5,485"
48,48203,Harrison,"3,959"
48,48205,Hartley,"57,117"
48,48207,Haskell,"4,657,972"
48,48209,Hays,"66,468"
48,48211,Hemphill,"5,716"
48,48213,Henderson,"5,699"
48,48215,Hidalgo,"214,726"
48,48217,Hill,"3,929"
48,48219,Hockley,"80,954"
48,48221,Hood,"856,249"
48,48223,Hopkins,"35,703"
48,48225,Houston,"22,977"
48,48227,Howard,"57,973"
48,48229,Hudspeth,"36,451"
48,48231,Hunt,"23,089"
48,48233,Hutchinson,"35,817"
48,48235,Irion,"4,604"
48,48237,Jack,"94,046"
48,48239,Jackson,"21,343"
48,48241,Jasper,"1,512"
48,48243,Jeff Davis,"8,828"
48,48245,Jefferson,"14,806"
48,48247,Jim Hogg,"35,549"
48,48249,Jim Wells,"2,260"
48,48251,Johnson,"256,041"
48,48253,Jones,"5,212"
48,48255,Karnes,"40,920"
48,48257,Kaufman,"167,012"
48,48259,Kendall,"19,827"
48,48261,Kenedy,"15,556"
48,48263,Kent,"122,628"
48,48265,Kerr,"43,969"
48,48267,Kimble,427
48,48269,King,759
48,48271,Kinney,"51,892"
48,48273,Kleberg,"4,385"
48,48275,Knox,289
48,48277,Lamar,"3,711"
48,48279,Lamb,"30,752"
48,48281,Lampasas,"3,674"
48,48283,La Salle,"49,568"
48,48285,Lavaca,"13,165"
48,48287,Lee,"20,861"
48,48289,Leon,"7,530"
48,48291,Liberty,"20,028"
48,48293,Limestone,"17,109"
48,48295,Lipscomb,"17,235"
48,48297,Live Oak,"83,597"
48,48299,Llano,"23,391"
48,48301,Loving,"3,364"
48,48303,Lubbock,"12,146"
48,48305,Lynn,"21,167"
48,48307,McCulloch,133
48,48309,McLennan,"305,413"
48,48311,McMullen,"5,832"
48,48313,Madison,"7,941"
48,48315,Marion,"251,631"
48,48317,Martin,765
48,48319,Mason,"14,251"
48,48321,Matagorda,"10,057"
48,48323,Maverick,"5,531"
48,48325,Medina,"4,179"
48,48327,Menard,"36,805"
48,48329,Midland,"58,111"
48,48331,Milam,"50,183"
48,48333,Mills,"2,110"
48,48335,Mitchell,"165,318"
48,48337,Montague,"24,939"
48,48339,Montgomery,"4,917"
48,48341,Moore,"8,215"
48,48343,Morris,"19,399"
48,48345,Motley,"571,615"
48,48347,Nacogdoches,"21,604"
48,48349,Navarro,"12,375"
48,48351,Newton,"1,226"
48,48353,Nolan,"65,317"
48,48355,Nueces,"48,739"
48,48357,Ochiltree,"13,908"
48,48359,Oldham,"14,854"
48,48361,Orange,"361,235"
48,48363,Palo Pinto,"9,996"
48,48365,Panola,"2,104"
48,48367,Parker,"84,971"
48,48369,Parmer,"28,544"
48,48371,Pecos,"23,211"
48,48373,Polk,"133,501"
48,48375,Potter,"9,710"
48,48377,Presidio,"15,634"
48,48379,Rains,"48,990"
48,48381,Randall,"120,340"
48,48383,Reagan,"7,100"
48,48385,Real,"11,730"
48,48387,Red River,"134,015"
48,48389,Reeves,"3,712"
48,48391,Refugio,"3,417"
48,48393,Roberts,"12,164"
48,48395,Robertson,"15,166"
48,48397,Rockwall,"7,180"
48,48399,Runnels,941
48,48401,Rusk,"17,153"
48,48403,Sabine,"96,824"
48,48405,San Augustine,"10,282"
48,48407,San Jacinto,"54,213"
48,48409,San Patricio,"10,417"
48,48411,San Saba,"8,302"
48,48413,Schleicher,"28,231"
48,48415,Scurry,"67,210"
48,48417,Shackelford,"5,996"
48,48419,Shelby,"2,989"
48,48421,Sherman,"17,003"
48,48423,Smith,"3,289"
48,48425,Somervell,"25,225"
48,48427,Starr,"3,046"
48,48429,Stephens,"227,195"
48,48431,Sterling,"8,855"
48,48433,Stonewall,"64,130"
48,48435,Sutton,"9,287"
48,48437,Swisher,"1,287"
48,48439,Tarrant,"1,376"
48,48441,Taylor,"3,792"
48,48443,Terrell,"7,446"
48,48445,Terry,"2,056,451"
48,48447,Throckmorton,"136,634"
48,48449,Titus,814
48,48451,Tom Green,"12,429"
48,48453,Travis,"1,510"
48,48455,Trinity,"32,619"
48,48457,Tyler,"117,566"
48,48459,Upshur,"1,227,585"
48,48461,Upton,"14,677"
48,48463,Uvalde,"21,517"
48,48465,Val Verde,"41,069"
48,48467,Van Zandt,"3,658"
48,48469,Victoria,"27,043"
48,48471,Walker,"49,028"
48,48473,Waller,"55,163"
48,48475,Ward,"92,045"
48,48477,Washington,"72,816"
48,48479,Webb,"51,717"
48,48481,Wharton,"11,383"
48,48483,Wheeler,"34,861"
48,48485,Wichita,"273,691"
48,48487,Wilbarger,"41,837"
48,48489,Willacy,"5,300"
48,48491,Williamson,"131,689"
48,48493,Wilson,"12,683"
48,48495,Winkler,"21,508"
48,48497,Wise,"546,251"
48,48499,Wood,"49,211"
48,48501,Yoakum,"7,605"
48,48503,Young,"65,848"
48,48505,Zapata,"44,263"
48,48507,Zavala,"8,557"
49,49001,Beaver,"17,922"
49,49003,Box Elder,"14,254"
49,49005,Cache,"11,957"
49,49007,Carbon,"6,421"
49,49009,Daggett,"53,977"
49,49011,Davis,"124,236"
49,49013,Duchesne,"20,131"
49,49015,Emery,"1,013"
49,49017,Garfield,"346,658"
49,49019,Grand,"19,868"
49,49021,Iron,"10,006"
49,49023,Juab,"5,025"
49,49025,Kane,"9,589"
49,49027,Millard,"50,761"
49,49029,Morgan,"11,293"
49,49031,Piute,"7,520"
49,49033,Rich,"12,821"
49,49035,Salt Lake,"11,829"
49,49037,San Juan,"1,407"
49,49039,Sanpete,"2,395"
49,49041,Sevier,"1,136,719"
49,49043,Summit,"15,277"
49,49045,Tooele,"29,921"
49,49047,Uintah,"21,292"
49,49049,Utah,"41,330"
49,49051,Wasatch,"67,486"
49,49053,Washington,"35,228"
49,49055,Wayne,"606,742"
49,49057,Weber,"31,890"
50,50001,Addison,"165,929"
50,50003,Bennington,"2,702"
50,50005,Caledonia,"251,576"
50,50007,Chittenden,"36,900"
50,50009,Essex,"35,675"
50,50011,Franklin,"30,141"
50,50013,Grand Isle,"163,031"
50,50015,Lamoille,"6,184"
50,50017,Orange,"48,969"
50,50019,Orleans,"6,975"
50,50021,Rutland,"25,360"
50,50023,Washington,"28,964"
50,50025,Windham,"26,811"
50,50027,Windsor,"59,006"
51,51001,Accomack,"58,253"
51,51003,Albemarle,"42,851"
51,51005,Alleghany,"55,224"
51,51007,Amelia,"32,685"
51,51009,Amherst,"107,768"
51,51011,Appomattox,"15,128"
51,51013,Arlington,"12,980"
51,51015,Augusta,"31,863"
51,51017,Bath,"15,723"
51,51019,Bedford,"234,647"
51,51021,Bland,"75,177"
51,51023,Botetourt,"4,266"
51,51025,Brunswick,"78,378"
51,51027,Buchanan,"6,354"
51,51029,Buckingham,"33,313"
51,51031,Campbell,"16,570"
51,51033,Caroline,"21,604"
51,51035,Carroll,"17,038"
51,51036,Charles City,"55,326"
51,51037,Charlotte,"30,432"
51,51041,Chesterfield,"29,812"
51,51043,Clarke,"7,026"
51,51045,Craig,"12,077"
51,51047,Culpeper,"343,276"
51,51049,Cumberland,"14,454"
51,51051,Dickenson,"5,062"
51,51053,Dinwiddie,"51,235"
51,51057,Essex,"9,828"
51,51059,Fairfax,"14,722"
51,51061,Fauquier,"28,630"
51,51063,Floyd,"10,969"
51,51065,Fluvanna,"1,148,728"
51,51067,Franklin,"69,547"
51,51069,Frederick,"15,758"
51,51071,Giles,"26,480"
51,51073,Gloucester,"56,315"
51,51075,Goochland,"86,456"
51,51077,Grayson,"16,754"
51,51079,Greene,"37,295"
51,51081,Greensville,"22,703"
51,51083,Halifax,"15,697"
51,51085,Hanover,"19,593"
51,51087,Henrico,"11,569"
51,51089,Henry,"34,575"
51,51091,Highland,"105,674"
51,51093,Isle of Wight,"327,559"
51,51095,James City,"51,346"
51,51097,King and Queen,"2,217"
51,51099,King George,"36,571"
51,51101,King William,"75,274"
51,51103,Lancaster,"6,999"
51,51105,Lee,"26,337"
51,51107,Loudoun,"16,684"
51,51109,Louisa,"10,725"
51,51111,Lunenburg,"23,900"
51,51113,Madison,"397,049"
51,51115,Mathews,"35,912"
51,51117,Mecklenburg,"12,333"
51,51119,Middlesex,"13,212"
51,51121,Montgomery,"8,709"
51,51125,Nelson,"30,693"
51,51127,New Kent,"10,625"
51,51131,Northampton,"98,142"
51,51133,Northumberland,"14,800"
51,51135,Nottoway,"21,638"
51,51137,Orange,"11,872"
51,51139,Page,"12,271"
51,51141,Patrick,"15,432"
51,51143,Pittsylvania,"35,870"
51,51145,Powhatan,"23,784"
51,51147,Prince Edward,"17,713"
51,51149,Prince George,"61,309"
51,51153,Prince William,"28,716"
51,51155,Pulaski,"22,678"
51,51157,Rappahannock,"38,006"
51,51159,Richmond,"463,069"
51,51161,Roanoke,"34,225"
51,51163,Rockbridge,"7,393"
51,51165,Rockingham,"8,889"
51,51167,Russell,"93,939"
51,51169,Scott,"22,668"
51,51171,Shenandoah,"80,397"
51,51173,Smyth,"27,046"
51,51175,Southampton,"21,893"
51,51177,Spotsylvania,"43,276"
51,51179,Stafford,"30,731"
51,51181,Surry,"17,841"
51,51183,Sussex,"132,739"
51,51185,Tazewell,"146,792"
51,51187,Warren,"6,503"
51,51191,Washington,"11,379"
51,51193,Westmoreland,"41,303"
51,51195,Wise,"39,409"
51,51197,Wythe,"54,179"
51,51199,York,"17,725"
51,51510,Alexandria City,"38,574"
51,51515,Bedford City,"28,829"
51,51520,Bristol City,"68,022"
51,51530,Buena Vista City,"159,215"
51,51540,Charlottesville City,"16,880"
51,51550,Chesapeake City,"6,482"
51,51560,Clifton Forge City,"47,463"
51,51570,Colonial Heights Cit,"240,143"
51,51580,Covington City,"17,424"
51,51590,Danville City,"5,576"
51,51595,Emporia City,"41,044"
51,51600,Fairfax City,"5,467"
51,51610,Falls Church City,"23,435"
51,51620,Franklin City,"14,245"
51,51630,Fredericksburg City,"8,145"
51,51640,Galax City,"28,498"
51,51650,Hampton City,"6,484"
51,51660,Harrisonburg City,"134,725"
51,51670,Hopewell City,"53,644"
51,51678,Lexington City,"22,505"
51,51680,Lynchburg City,"7,154"
51,51683,Manassas City,"80,523"
51,51685,Manassas Park City,"41,141"
51,51690,Martinsville City,"17,149"
51,51700,Newport News City,"12,823"
51,51710,Norfolk City,"179,447"
51,51720,Norton City,"244,543"
51,51730,Petersburg City,"3,918"
51,51735,Poquoson City,"31,137"
51,51740,Portsmouth City,"12,039"
51,51750,Radford City,"94,838"
51,51760,Richmond City,"17,484"
51,51770,Roanoke City,"227,230"
51,51775,Salem City,"98,986"
51,51780,South Boston City,"25,373"
51,51790,Staunton City,"24,325"
51,51800,Suffolk City,"90,108"
51,51810,Virginia Beach City,"449,896"
51,51820,Waynesboro City,"22,242"
51,51830,Williamsburg City,"14,994"
51,51840,Winchester City,"28,178"
53,53001,Adams,"19,651"
53,53003,Asotin,"22,509"
53,53005,Benton,"198,200"
53,53007,Chelan,"76,298"
53,53009,Clallam,"75,637"
53,53011,Clark,"474,381"
53,53013,Columbia,"4,002"
53,53015,Cowlitz,"106,805"
53,53017,Douglas,"42,027"
53,53019,Ferry,"7,576"
53,53021,Franklin,"91,896"
53,53023,Garfield,"2,215"
53,53025,Grant,"95,357"
53,53027,Grays Harbor,"72,490"
53,53029,Island,"83,250"
53,53031,Jefferson,"31,210"
53,53033,King,"2,203,836"
53,53035,Kitsap,"266,289"
53,53037,Kittitas,"46,176"
53,53039,Klickitat,"21,751"
53,53041,Lewis,"78,320"
53,53043,Lincoln,"10,585"
53,53045,Mason,"63,740"
53,53047,Okanogan,"41,915"
53,53049,Pacific,"21,742"
53,53051,Pend Oreille,"13,358"
53,53053,Pierce,"879,654"
53,53055,San Juan,"16,729"
53,53057,Skagit,"125,860"
53,53059,Skamania,"11,809"
53,53061,Snohomish,"802,089"
53,53063,Spokane,"505,623"
53,53065,Stevens,"44,636"
53,53067,Thurston,"280,269"
53,53069,Wahkiakum,"4,251"
53,53071,Walla Walla,"60,512"
53,53073,Whatcom,"221,410"
53,53075,Whitman,"49,382"
53,53077,Yakima,"249,922"
54,54001,Barbour,"16,515"
54,54003,Berkeley,"115,073"
54,54005,Boone,"22,369"
54,54007,Braxton,"14,217"
54,54009,Brooke,"22,373"
54,54011,Cabell,"94,452"
54,54013,Calhoun,"7,310"
54,54015,Clay,"8,693"
54,54017,Doddridge,"8,518"
54,54019,Fayette,"43,607"
54,54021,Gilmer,"8,042"
54,54023,Grant,"11,627"
54,54025,Greenbrier,"35,208"
54,54027,Hampshire,"23,386"
54,54029,Hancock,"29,383"
54,54031,Hardy,"13,849"
54,54033,Harrison,"67,905"
54,54035,Jackson,"28,908"
54,54037,Jefferson,"56,444"
54,54039,Kanawha,"183,385"
54,54041,Lewis,"16,178"
54,54043,Lincoln,"20,872"
54,54045,Logan,"33,028"
54,54047,McDowell,"18,505"
54,54049,Marion,"56,349"
54,54051,Marshall,"31,252"
54,54053,Mason,"26,806"
54,54055,Mercer,"59,869"
54,54057,Mineral,"27,223"
54,54059,Mingo,"24,142"
54,54061,Monongalia,"105,782"
54,54063,Monroe,"13,382"
54,54065,Morgan,"17,716"
54,54067,Nicholas,"25,125"
54,54069,Ohio,"42,001"
54,54071,Pendleton,"6,973"
54,54073,Pleasants,"7,455"
54,54075,Pocahontas,"8,493"
54,54077,Preston,"33,826"
54,54079,Putnam,"56,692"
54,54081,Raleigh,"75,066"
54,54083,Randolph,"28,894"
54,54085,Ritchie,"9,851"
54,54087,Roane,"14,004"
54,54089,Summers,"12,882"
54,54091,Taylor,"16,914"
54,54093,Tucker,"6,992"
54,54095,Tyler,"8,800"
54,54097,Upshur,"24,555"
54,54099,Wayne,"40,215"
54,54101,Webster,"8,348"
54,54103,Wetzel,"15,433"
54,54105,Wirt,"5,786"
54,54107,Wood,"85,060"
54,54109,Wyoming,"21,271"
55,55001,Adams,"19,900"
55,55003,Ashland,"15,501"
55,55005,Barron,"45,141"
55,55007,Bayfield,"15,006"
55,55009,Brown,"261,762"
55,55011,Buffalo,"13,105"
55,55013,Burnett,"15,295"
55,55015,Calumet,"49,995"
55,55017,Chippewa,"63,747"
55,55019,Clark,"34,571"
55,55021,Columbia,"57,244"
55,55023,Crawford,"16,199"
55,55025,Dane,"537,453"
55,55027,Dodge,"87,705"
55,55029,Door,"27,454"
55,55031,Douglas,"43,328"
55,55033,Dunn,"44,714"
55,55035,Eau Claire,"103,582"
55,55037,Florence,"4,335"
55,55039,Fond du Lac,"102,417"
55,55041,Forest,"8,969"
55,55043,Grant,"51,728"
55,55045,Green,"36,877"
55,55047,Green Lake,"18,720"
55,55049,Iowa,"23,676"
55,55051,Iron,"5,675"
55,55053,Jackson,"20,485"
55,55055,Jefferson,"84,733"
55,55057,Juneau,"26,460"
55,55059,Kenosha,"168,356"
55,55061,Kewaunee,"20,401"
55,55063,La Crosse,"118,033"
55,55065,Lafayette,"16,689"
55,55067,Langlade,"19,175"
55,55069,Lincoln,"27,751"
55,55071,Manitowoc,"79,099"
55,55073,Marathon,"135,452"
55,55075,Marinette,"40,300"
55,55077,Marquette,"15,280"
55,55078,Menominee,"4,599"
55,55079,Milwaukee,"950,172"
55,55081,Monroe,"45,715"
55,55083,Oconto,"37,531"
55,55085,Oneida,"35,236"
55,55087,Outagamie,"185,816"
55,55089,Ozaukee,"88,443"
55,55091,Pepin,"7,246"
55,55093,Pierce,"42,016"
55,55095,Polk,"43,397"
55,55097,Portage,"70,565"
55,55099,Price,"13,380"
55,55101,Racine,"195,825"
55,55103,Richland,"17,517"
55,55105,Rock,"162,205"
55,55107,Rusk,"14,148"
55,55109,St Croix,"88,560"
55,55111,Sauk,"63,967"
55,55113,Sawyer,"16,367"
55,55115,Shawano,"40,846"
55,55117,Sheboygan,"115,089"
55,55119,Taylor,"20,314"
55,55121,Trempealeau,"29,372"
55,55123,Vernon,"30,702"
55,55125,Vilas,"21,684"
55,55127,Walworth,"102,850"
55,55129,Washburn,"15,739"
55,55131,Washington,"134,930"
55,55133,Waukesha,"400,899"
55,55135,Waupaca,"51,118"
55,55137,Waushara,"24,193"
55,55139,Winnebago,"170,394"
55,55141,Wood,"73,038"
56,56001,Albany,"38,459"
56,56003,Big Horn,"11,859"
56,56005,Campbell,"46,402"
56,56007,Carbon,"15,252"
56,56009,Converse,"13,733"
56,56011,Crook,"7,397"
56,56013,Fremont,"39,818"
56,56015,Goshen,"13,361"
56,56017,Hot Springs,"4,686"
56,56019,Johnson,"8,447"
56,56021,Laramie,"98,377"
56,56023,Lincoln,"19,278"
56,56025,Natrona,"79,586"
56,56027,Niobrara,"2,392"
56,56029,Park,"29,194"
56,56031,Platte,"8,541"
56,56033,Sheridan,"30,147"
56,56035,Sublette,"9,745"
56,56037,Sweetwater,"43,464"
56,56039,Teton,"23,384"
56,56041,Uinta,"20,431"
56,56043,Washakie,"8,010"
56,56045,Weston,"6,968"
