0,6977228,4.35
1000,99059,4.60
1001,1040,4.00
1003,3844,4.20
1005,498,6.00
1007,385,4.50
1009,1025,4.20
1011,244,5.10
1013,508,5.70
1015,2332,5.10
1017,637,4.20
1019,475,4.20
1021,807,4.20
1023,286,6.50
1025,676,8.80
1027,259,4.50
1029,265,4.60
1031,944,4.50
1033,1245,5.40
1035,283,6.30
1037,211,4.80
1039,842,5.40
1041,299,4.70
1043,1457,3.90
1045,918,4.60
1047,1159,7.70
1049,1366,4.60
1051,1412,3.80
1053,741,5.10
1055,2034,4.70
1057,318,4.90
1059,614,4.40
1061,483,4.50
1063,222,7.80
1065,364,6.10
1067,336,5.00
1069,2011,4.50
1071,1140,4.90
1073,13605,4.40
1075,248,4.30
1077,2009,4.80
1079,692,5.10
1081,3004,4.10
1083,1719,4.20
1085,309,8.50
1087,469,6.00
1089,7035,4.00
1091,444,5.80
1093,619,5.00
1095,1668,4.00
1097,9999,5.40
1099,499,6.90
1101,4722,4.50
1103,2326,4.20
1105,276,8.00
1107,426,5.50
1109,765,5.00
1111,428,4.50
1113,1041,4.50
1115,1603,4.10
1117,3693,3.30
1119,335,6.80
1121,1786,5.20
1123,788,4.30
1125,4279,4.30
1127,1291,5.20
1129,466,7.00
1131,329,11.80
1133,502,5.20
2000,23497,6.50
2013,60,2.40
2016,129,3.40
2020,8372,5.40
2050,931,12.70
2060,25,5.90
2068,97,8.40
2070,172,8.40
2090,2649,5.70
2100,90,8.30
2105,131,11.50
2110,748,4.30
2122,2079,7.70
2130,408,5.70
2150,297,4.70
2158,508,18.50
2164,79,11.00
2170,3737,7.70
2180,465,11.30
2185,250,6.90
2188,449,15.20
2195,122,8.60
2198,296,10.40
2220,188,4.20
2230,80,9.70
2240,282,9.60
2261,352,7.20
2275,75,7.10
2282,20,8.60
2290,408,16.60
4000,164808,4.90
4001,2133,10.40
4003,2793,5.60
4005,4241,5.60
4007,1309,6.10
4009,794,5.50
4011,203,5.10
4012,476,5.50
4013,91208,4.20
4015,4913,6.00
4017,3161,7.70
4019,21767,4.60
4021,8773,5.10
4023,1834,9.60
4025,4682,4.60
4027,16522,17.20
5000,50492,3.70
5001,295,3.30
5003,443,5.60
5005,705,4.30
5007,3960,3.00
5009,548,3.50
5011,205,4.60
5013,94,3.90
5015,438,3.40
5017,229,6.60
5019,377,3.90
5021,269,4.60
5023,462,5.00
5025,146,4.40
5027,464,5.10
5029,397,4.80
5031,1627,3.00
5033,959,3.60
5035,945,4.40
5037,310,4.00
5039,130,4.40
5041,264,4.80
5043,409,5.10
5045,2067,3.40
5047,263,3.50
5049,201,4.30
5051,1647,4.10
5053,272,3.30
5055,734,3.70
5057,344,3.50
5059,528,3.70
5061,183,3.10
5063,693,4.30
5065,273,5.60
5067,349,5.90
5069,1468,5.20
5071,457,4.30
5073,129,5.10
5075,262,3.80
5077,145,4.90
5079,171,4.20
5081,269,4.90
5083,345,3.90
5085,1119,3.30
5087,213,2.90
5089,259,4.00
5091,868,4.40
5093,1069,6.00
5095,120,4.30
5097,150,4.80
5099,129,3.60
5101,122,3.70
5103,449,4.60
5105,178,4.20
5107,382,5.80
5109,174,4.00
5111,431,4.20
5113,364,4.50
5115,1308,4.50
5117,152,4.10
5119,6497,3.40
5121,291,4.20
5123,426,5.10
5125,1755,3.00
5127,155,3.50
5129,137,4.70
5131,2088,3.60
5133,259,4.60
5135,302,5.10
5137,231,4.80
5139,859,5.30
5141,333,5.50
5143,3162,2.60
5145,1546,4.60
5147,143,4.90
5149,349,4.10
6000,926965,4.80
6001,31045,3.70
6003,34,6.20
6005,735,5.00
6007,5946,5.80
6009,1001,4.80
6011,1551,14.30
6013,21575,3.90
6015,628,6.50
6017,3948,4.40
6019,38216,8.60
6021,964,7.50
6023,2641,4.20
6025,14168,19.70
6027,379,4.40
6029,35605,9.30
6031,5136,9.00
6033,1705,5.80
6035,557,5.60
6037,245204,4.80
6039,4981,8.20
6041,4050,2.90
6043,450,5.90
6045,1801,4.60
6047,10889,9.40
6049,261,8.20
6051,379,4.50
6053,15874,7.20
6055,2689,3.70
6057,2000,4.10
6059,56717,3.50
6061,7057,3.90
6063,695,8.90
6065,56668,5.30
6067,32755,4.70
6069,1778,5.80
6071,46804,5.00
6073,63640,4.00
6075,16613,2.90
6077,22761,7.00
6079,5082,3.60
6081,12185,2.70
6083,9809,4.60
6085,33652,3.20
6087,8186,5.70
6089,4321,5.80
6091,85,6.60
6093,1302,7.30
6095,9993,4.80
6097,8840,3.40
6099,18249,7.50
6101,3941,8.80
6103,1637,6.40
6105,300,6.20
6107,21514,10.50
6109,1161,5.40
6111,19184,4.50
6113,5480,5.10
6115,2150,7.50
8000,78481,2.60
8001,7384,2.80
8003,259,3.20
8005,9033,2.60
8007,186,2.80
8009,32,1.50
8011,49,2.60
8013,4175,2.20
8014,932,2.40
8015,203,2.20
8017,18,1.60
8019,141,2.40
8021,151,3.90
8023,60,3.30
8025,42,2.90
8027,58,2.90
8029,513,3.60
8031,10165,2.60
8033,31,2.80
8035,4089,2.20
8037,751,2.20
8039,324,2.30
8041,9881,3.00
8043,594,4.00
8045,844,2.70
8047,68,1.90
8049,199,2.10
8051,201,1.90
8053,10,2.10
8055,136,5.40
8057,16,1.70
8059,7872,2.40
8061,16,1.70
8063,70,1.60
8065,94,2.00
8067,711,2.30
8069,4393,2.30
8071,235,3.80
8073,46,1.90
8075,241,2.20
8077,2705,3.70
8079,8,1.70
8081,226,3.10
8083,472,3.70
8085,634,3.10
8087,350,2.30
8089,319,3.90
8091,60,2.70
8093,229,2.20
8095,38,1.50
8097,314,2.90
8099,150,2.40
8101,2980,4.00
8103,100,3.60
8105,216,4.00
8107,343,2.20
8109,141,4.10
8111,11,2.10
8113,141,2.60
8115,24,2.00
8117,379,1.70
8119,364,3.00
8121,55,1.80
8123,3917,2.50
8125,85,1.50
9000,83904,4.40
9001,20499,4.30
9003,21785,4.50
9005,4254,4.10
9007,3538,3.80
9009,21756,4.70
9011,5829,4.20
9013,3232,3.80
9015,3010,4.80
10000,21157,4.40
10001,3750,4.80
10003,12843,4.40
10005,4564,4.40
11000,24691,6.10
11001,24691,6.10
12000,425971,4.20
12001,5216,3.90
12003,492,4.20
12005,3698,4.20
12007,414,3.70
12009,11744,4.40
12011,40940,4.00
12013,245,4.90
12015,3350,4.80
12017,2841,5.90
12019,4088,3.90
12021,7245,4.20
12023,1293,4.40
12027,633,4.50
12029,276,4.80
12031,20519,4.30
12033,6011,4.20
12035,2240,4.90
12037,172,3.70
12039,1006,5.50
12041,305,4.50
12043,268,5.40
12045,237,3.90
12047,211,4.90
12049,531,5.90
12051,1178,7.40
12053,3677,5.30
12055,2080,5.70
12057,28696,4.00
12059,331,4.80
12061,3249,5.10
12063,788,4.60
12065,243,4.40
12067,110,3.70
12069,6409,4.20
12071,13854,4.10
12073,6005,4.00
12075,757,4.50
12077,121,4.60
12079,331,4.50
12081,7037,4.00
12083,6812,5.10
12085,3047,4.20
12086,61853,4.60
12087,1505,3.30
12089,1540,3.90
12091,3310,3.50
12093,811,4.40
12095,27740,3.80
12097,7561,4.40
12099,30459,4.20
12101,10288,4.50
12103,18695,3.90
12105,14205,4.80
12107,1487,5.50
12109,4279,3.40
12111,7259,5.20
12113,3110,3.90
12115,7362,4.00
12117,9304,3.80
12119,1869,6.20
12121,791,4.30
12123,398,4.50
12125,182,3.80
12127,11200,4.50
12129,526,3.60
12131,1111,3.70
12133,432,4.40
13000,243604,4.80
13001,519,5.50
13003,190,4.50
13005,230,4.50
13007,79,6.30
13009,1053,5.90
13011,369,3.90
13013,1622,4.10
13015,2332,4.70
13017,433,7.80
13019,386,5.20
13021,3768,5.40
13023,314,6.80
13025,425,5.80
13027,324,4.60
13029,754,4.20
13031,1885,5.10
13033,678,7.20
13035,521,4.90
13037,121,5.30
13039,1079,5.10
13043,218,4.10
13045,2815,5.10
13047,1385,4.20
13049,250,5.10
13051,6359,4.50
13053,138,6.90
13055,508,4.80
13057,5002,3.80
13059,2948,4.80
13061,80,9.10
13063,8046,5.90
13065,156,5.60
13067,17560,4.10
13069,958,5.10
13071,1015,4.60
13073,3120,4.20
13075,357,4.60
13077,3108,4.20
13079,288,5.00
13081,498,5.20
13083,367,4.40
13085,468,3.90
13087,660,5.60
13089,19361,4.90
13091,455,6.30
13093,262,5.10
13095,2393,6.10
13097,3598,4.90
13099,251,5.50
13101,76,4.00
13103,1216,4.10
13105,421,5.30
13107,586,6.80
13109,218,4.40
13111,536,4.80
13113,2370,4.10
13115,2346,5.30
13117,4455,3.80
13119,492,4.80
13121,27028,4.90
13123,618,5.10
13125,66,5.00
13127,1919,4.80
13129,1256,4.70
13131,534,4.90
13133,359,5.20
13135,20839,4.30
13137,898,4.60
13139,3997,3.90
13141,183,7.20
13143,605,4.80
13145,706,4.20
13147,510,4.50
13149,263,5.00
13151,5565,4.90
13153,3337,4.80
13155,234,7.10
13157,1323,3.70
13159,302,4.40
13161,378,6.10
13163,425,6.20
13165,218,6.80
13167,212,5.10
13169,615,4.40
13171,460,5.70
13173,200,5.20
13175,1157,5.90
13177,640,4.20
13179,1340,5.20
13181,191,5.30
13183,393,4.90
13185,2453,4.70
13187,708,4.20
13189,567,6.30
13191,317,5.10
13193,334,7.00
13195,592,4.30
13197,210,6.10
13199,535,6.00
13201,128,4.50
13205,542,6.30
13207,597,4.50
13209,253,6.70
13211,412,4.50
13213,997,6.20
13215,4784,6.00
13217,2778,5.40
13219,702,3.60
13221,311,4.40
13223,3494,4.20
13225,703,5.90
13227,653,4.30
13229,407,4.60
13231,395,4.50
13233,987,5.30
13235,220,5.30
13237,482,5.80
13239,50,5.90
13241,347,5.00
13243,166,6.50
13245,5232,6.00
13247,2396,5.30
13249,123,5.50
13251,337,6.30
13253,202,6.50
13255,1682,5.90
13257,588,5.30
13259,138,6.00
13261,894,6.90
13263,175,6.20
13265,39,6.70
13267,483,5.00
13269,250,8.80
13271,382,7.90
13273,224,6.10
13275,1019,5.90
13277,911,4.70
13279,787,6.60
13281,252,6.60
13283,187,6.80
13285,1677,4.40
13287,188,5.70
13289,228,7.60
13291,467,4.60
13293,629,5.50
13295,1423,4.60
13297,1975,4.40
13299,733,4.60
13301,162,5.90
13303,443,6.00
13305,661,5.80
13307,76,7.60
13309,159,9.10
13311,618,3.90
13313,2497,5.50
13315,164,5.90
13317,220,5.70
13319,219,5.70
13321,459,4.90
15000,15054,2.20
15001,2388,2.60
15003,9814,2.10
15007,802,2.20
15009,2051,2.30
16000,26320,3.20
16001,6526,2.80
16003,99,5.70
16005,1254,3.00
16007,89,3.10
16009,221,5.50
16011,678,2.90
16013,311,2.50
16015,151,4.70
16017,858,4.50
16019,1429,2.70
16021,243,4.70
16023,39,2.90
16025,18,2.60
16027,3445,3.60
16029,120,3.10
16031,289,2.50
16033,11,2.80
16035,207,6.90
16037,91,4.20
16039,405,3.60
16041,153,2.30
16043,200,2.60
16045,309,3.90
16047,195,2.40
16049,308,4.90
16051,328,2.50
16053,324,2.80
16055,2896,3.80
16057,526,2.60
16059,179,5.10
16061,94,5.80
16063,86,3.20
16065,396,1.90
16067,291,2.60
16069,596,2.80
16071,64,2.80
16073,208,3.90
16075,451,3.90
16077,133,3.40
16079,313,6.20
16081,154,2.50
16083,1198,3.00
16085,224,4.40
16087,213,4.60
17000,321075,5.00
17001,1259,3.90
17003,179,8.40
17005,351,4.40
17007,1756,6.70
17009,82,2.90
17011,854,4.90
17013,126,5.40
17015,353,4.60
17017,279,4.50
17019,4564,4.30
17021,786,5.30
17023,398,5.00
17025,354,5.30
17027,720,3.50
17029,1145,4.70
17031,135737,5.20
17033,465,5.20
17035,246,4.00
17037,2546,4.60
17039,363,4.70
17041,420,4.10
17043,20491,4.00
17045,467,4.90
17047,134,4.70
17049,721,3.80
17051,529,5.50
17053,311,4.80
17055,1075,6.50
17057,991,6.40
17059,147,5.90
17061,306,5.10
17063,1489,5.80
17065,200,4.50
17067,439,5.10
17069,102,7.50
17071,186,5.10
17073,1277,5.10
17075,671,4.60
17077,1260,4.50
17079,224,5.00
17081,953,5.40
17083,529,4.80
17085,494,4.50
17087,308,7.50
17089,13037,4.80
17091,3010,5.50
17093,2991,4.40
17095,1169,5.20
17097,16841,4.50
17099,3140,5.60
17101,389,6.40
17103,775,4.30
17105,743,4.50
17107,593,4.60
17109,678,5.00
17111,7427,4.40
17113,3685,4.10
17115,2750,5.50
17117,1124,4.90
17119,6404,4.80
17121,929,5.20
17123,295,5.40
17125,391,6.10
17127,379,6.50
17129,276,4.20
17131,414,5.10
17133,629,3.40
17135,681,5.70
17137,720,4.40
17139,284,3.90
17141,1302,5.10
17143,5063,5.90
17145,506,6.00
17147,348,4.10
17149,331,4.50
17151,116,6.50
17153,168,7.90
17155,149,5.00
17157,625,4.40
17159,362,4.80
17161,3644,5.10
17163,6417,5.10
17165,631,6.40
17167,4504,4.40
17169,152,4.60
17171,129,5.20
17173,460,4.40
17175,163,6.30
17177,1012,4.70
17179,3456,5.30
17181,475,6.40
17183,2209,6.50
17185,296,5.20
17187,362,4.20
17189,287,3.00
17191,429,6.20
17193,330,4.90
17195,1359,4.80
17197,18317,5.10
17199,1638,5.10
17201,8969,6.40
17203,831,4.40
18000,116091,3.50
18001,445,2.60
18003,5950,3.30
18005,1200,2.70
18007,151,3.40
18009,212,4.00
18011,991,2.80
18013,254,3.40
18015,340,3.40
18017,673,3.80
18019,2096,3.40
18021,452,3.70
18023,513,3.00
18025,217,4.40
18027,440,2.80
18029,980,3.80
18031,424,2.90
18033,642,2.90
18035,2285,4.20
18037,591,2.60
18039,2808,2.50
18041,449,5.00
18043,1345,3.30
18045,311,3.90
18047,399,3.60
18049,335,3.40
18051,554,2.90
18053,1218,3.80
18055,636,4.70
18057,4831,2.70
18059,1165,3.00
18061,682,3.40
18063,2490,2.90
18065,801,3.60
18067,1429,3.80
18069,648,3.50
18071,661,2.90
18073,697,4.30
18075,341,3.50
18077,552,3.70
18079,496,3.80
18081,2360,2.90
18083,628,3.40
18085,1118,2.70
18087,502,2.50
18089,11581,5.00
18091,2103,4.40
18093,901,4.30
18095,2299,3.90
18097,17233,3.60
18099,715,3.00
18101,151,2.90
18103,613,3.90
18105,2452,3.60
18107,572,3.00
18109,1244,3.50
18111,334,4.70
18113,703,3.00
18115,113,3.60
18117,341,3.90
18119,394,4.30
18121,284,4.00
18123,349,3.80
18125,212,3.30
18127,3440,4.00
18129,400,3.00
18131,218,3.40
18133,595,3.60
18135,481,4.10
18137,491,3.50
18139,269,3.00
18141,4745,3.50
18143,391,3.70
18145,751,3.30
18147,360,3.30
18149,453,4.30
18151,573,2.90
18153,374,4.40
18155,197,3.90
18157,3028,3.20
18159,257,3.00
18161,110,3.10
18163,2998,3.20
18165,380,5.30
18167,2032,4.20
18169,520,3.40
18171,136,3.30
18173,1011,3.10
18175,501,3.70
18177,1139,3.70
18179,411,2.90
18181,432,3.20
18183,500,2.90
19000,52142,3.10
19001,115,2.80
19003,50,2.30
19005,299,4.00
19007,228,3.80
19009,97,3.10
19011,437,3.30
19013,2566,3.70
19015,362,2.40
19017,385,2.80
19019,354,3.20
19021,301,2.60
19023,282,3.60
19025,130,3.00
19027,252,2.30
19029,256,3.60
19031,312,2.90
19033,710,3.00
19035,152,2.50
19037,203,3.20
19039,149,3.10
19041,319,3.70
19043,401,3.90
19045,940,4.00
19047,338,4.10
19049,998,2.10
19051,142,3.30
19053,113,2.60
19055,279,2.60
19057,829,4.20
19059,369,3.60
19061,1624,3.00
19063,172,3.20
19065,381,3.60
19067,282,3.20
19069,158,2.70
19071,99,2.60
19073,149,2.70
19075,190,2.90
19077,178,3.20
19079,228,3.20
19081,159,2.60
19083,270,3.20
19085,200,2.70
19087,288,3.00
19089,153,3.00
19091,159,3.00
19093,94,2.30
19095,272,2.60
19097,369,3.40
19099,602,3.10
19101,281,3.10
19103,2115,2.50
19105,384,3.60
19107,186,3.60
19109,207,2.40
19111,881,5.40
19113,3969,3.30
19115,199,3.30
19117,122,2.80
19119,122,1.70
19121,299,3.60
19123,372,3.20
19125,456,2.60
19127,835,4.60
19129,201,2.70
19131,123,2.10
19133,164,3.60
19135,148,3.80
19137,155,3.10
19139,717,3.30
19141,193,2.40
19143,75,2.10
19145,246,3.90
19147,131,2.70
19149,350,2.40
19151,100,2.40
19153,7960,3.10
19155,1326,2.80
19157,325,3.10
19159,78,3.10
19161,150,2.80
19163,3145,3.60
19165,159,2.40
19167,408,2.00
19169,1136,2.00
19171,332,3.50
19173,72,2.20
19175,200,3.10
19177,113,3.00
19179,800,4.50
19181,748,2.70
19183,358,2.90
19185,85,3.10
19187,722,3.70
19189,163,3.10
19191,363,3.10
19193,1723,3.20
19195,127,3.00
19197,224,3.40
20000,53737,3.60
20001,305,4.80
20003,163,3.90
20005,365,5.20
20007,69,2.80
20009,507,3.60
20011,310,4.40
20013,171,3.20
20015,1192,3.80
20017,37,2.60
20019,68,4.70
20021,394,3.90
20023,33,2.50
20025,27,2.50
20027,142,3.70
20029,167,4.30
20031,215,5.20
20033,26,2.90
20035,642,3.80
20037,800,4.20
20039,40,3.10
20041,352,3.80
20043,146,3.50
20045,2082,3.20
20047,47,3.10
20049,50,4.20
20051,425,2.50
20053,83,3.10
20055,550,2.70
20057,503,2.80
20059,528,3.70
20061,567,4.90
20063,33,2.30
20065,40,3.60
20067,111,3.20
20069,67,2.00
20071,16,1.80
20073,135,4.20
20075,38,2.30
20077,98,3.70
20079,687,4.10
20081,50,2.20
20083,25,2.50
20085,226,3.10
20087,360,3.50
20089,45,3.50
20091,10102,3.00
20093,51,2.50
20095,125,3.70
20097,34,2.50
20099,466,4.50
20101,26,3.30
20103,1418,3.90
20105,48,2.80
20107,258,5.80
20109,35,2.10
20111,635,3.80
20113,449,2.70
20115,226,3.60
20117,153,2.80
20119,56,2.50
20121,646,3.70
20123,94,2.70
20125,784,5.20
20127,94,3.10
20129,45,3.80
20131,133,2.40
20133,317,5.20
20135,39,2.90
20137,63,2.20
20139,314,3.90
20141,55,2.70
20143,94,3.10
20145,101,3.30
20147,83,3.00
20149,375,3.10
20151,161,3.20
20153,33,2.30
20155,1161,3.90
20157,69,2.80
20159,172,3.20
20161,1070,3.00
20163,96,3.80
20165,53,3.20
20167,117,3.30
20169,978,3.20
20171,62,2.20
20173,10384,4.20
20175,343,3.50
20177,3337,3.70
20179,31,2.30
20181,83,2.90
20183,55,2.80
20185,66,3.30
20187,28,2.80
20189,85,3.20
20191,407,3.80
20193,109,2.60
20195,48,3.30
20197,116,3.20
20199,22,2.60
20201,87,2.90
20203,28,2.40
20205,188,4.70
20207,70,4.40
20209,4025,5.20
21000,97533,4.80
21001,422,5.90
21003,360,4.00
21005,469,4.00
21007,271,7.50
21009,855,4.50
21011,364,7.70
21013,667,7.70
21015,2625,3.80
21017,442,4.50
21019,1278,7.00
21021,621,4.90
21023,217,5.70
21025,320,8.60
21027,468,5.80
21029,1721,4.10
21031,278,5.40
21033,277,5.20
21035,806,4.30
21037,1832,3.70
21039,161,6.80
21041,226,4.50
21043,950,9.60
21045,315,4.70
21047,1463,6.00
21049,780,4.50
21051,460,8.60
21053,246,6.40
21055,214,5.40
21057,152,5.20
21059,2038,4.30
21061,284,5.90
21063,219,10.40
21065,312,5.80
21067,6205,3.50
21069,359,5.90
21071,916,8.10
21073,990,4.00
21075,145,7.00
21077,178,4.40
21079,365,4.80
21081,552,4.80
21083,914,5.80
21085,647,5.90
21087,233,4.50
21089,1019,7.50
21091,202,4.90
21093,2176,4.50
21095,629,9.70
21097,391,4.50
21099,350,4.30
21101,974,4.40
21103,326,4.00
21105,133,7.30
21107,945,4.90
21109,338,8.30
21111,17016,4.30
21113,976,3.70
21115,581,8.40
21117,3348,3.90
21119,374,8.30
21121,745,7.40
21123,276,4.60
21125,1411,5.70
21127,443,8.90
21129,157,8.30
21131,269,9.90
21133,575,9.20
21135,424,9.00
21137,517,5.50
21139,276,7.40
21141,521,4.30
21143,170,5.70
21145,1754,5.90
21147,315,6.70
21149,224,5.20
21151,1926,4.20
21153,474,15.90
21155,384,4.10
21157,871,5.80
21159,229,7.50
21161,439,6.10
21163,615,5.00
21165,201,8.50
21167,478,4.80
21169,167,4.00
21171,180,3.80
21173,756,6.50
21175,325,7.20
21177,760,6.80
21179,957,4.30
21181,181,5.50
21183,604,6.20
21185,1124,3.40
21187,234,4.30
21189,89,8.10
21191,321,4.60
21193,679,8.10
21195,1539,7.60
21197,326,6.50
21199,1393,5.50
21201,50,6.10
21203,375,5.70
21205,602,5.70
21207,435,7.00
21209,1026,3.60
21211,867,3.50
21213,388,4.50
21215,372,3.70
21217,548,4.30
21219,219,4.10
21221,330,5.60
21223,189,4.90
21225,357,5.90
21227,2528,4.00
21229,252,4.10
21231,561,7.60
21233,295,5.10
21235,773,5.60
21237,172,8.90
21239,474,3.20
22000,108102,5.10
22001,1422,5.90
22003,473,5.30
22005,2685,4.30
22007,658,7.30
22009,958,6.10
22011,786,5.30
22013,338,6.00
22015,2575,4.50
22017,6081,5.80
22019,4303,4.00
22021,220,5.70
22023,144,3.60
22025,242,7.00
22027,313,5.30
22029,563,7.90
22031,655,6.10
22033,10200,4.40
22035,229,11.10
22037,384,4.80
22039,742,5.90
22041,546,7.50
22043,516,6.30
22045,2117,7.30
22047,874,6.20
22049,316,4.50
22051,9762,4.50
22053,665,4.90
22055,5535,4.90
22057,2183,5.20
22059,289,4.70
22061,1118,5.20
22063,2860,4.20
22065,306,8.10
22067,827,8.00
22069,979,6.00
22071,9209,5.10
22073,3719,5.30
22075,467,4.70
22077,559,5.60
22079,3153,5.60
22081,201,5.20
22083,510,6.10
22085,487,5.50
22087,1024,5.20
22089,1123,4.50
22091,287,6.60
22093,625,6.70
22095,1214,6.10
22097,2143,6.70
22099,1371,6.10
22101,1604,7.90
22103,5031,4.30
22105,3131,5.70
22107,132,8.50
22109,2663,5.70
22111,512,5.60
22113,1454,6.00
22115,1068,6.50
22117,979,5.80
22119,1014,6.90
22121,620,4.60
22123,391,9.80
22125,222,4.20
22127,326,6.40
23000,23598,3.40
23001,1786,3.20
23003,1550,4.90
23005,4328,2.60
23007,600,4.10
23009,1143,3.90
23011,2086,3.30
23013,667,3.20
23015,564,3.30
23017,1042,3.90
23019,2950,3.80
23021,308,4.10
23023,536,2.80
23025,1146,5.00
23027,781,3.70
23029,708,5.00
23031,3406,3.00
24000,130740,4.10
24001,1830,5.70
24003,10831,3.50
24005,19214,4.30
24009,1763,3.60
24011,757,4.20
24013,3137,3.30
24015,2496,4.70
24017,3362,3.90
24019,880,5.60
24021,4709,3.60
24023,793,5.10
24025,5295,3.80
24027,5653,3.10
24029,448,4.40
24031,18059,3.30
24033,20887,4.10
24035,986,3.60
24037,2161,3.90
24039,627,6.80
24041,769,3.90
24043,3448,4.60
24045,2861,5.60
24047,2142,8.40
24510,17634,6.10
25000,140526,3.80
25001,5389,4.80
25003,2919,4.50
25005,14358,4.90
25007,477,5.00
25009,16223,3.90
25011,1377,3.40
25013,11675,5.20
25015,3137,3.50
25017,27930,3.10
25019,326,4.50
25021,12889,3.40
25023,11040,4.00
25025,15284,3.50
25027,17502,4.00
26000,224303,4.60
26001,273,7.10
26003,272,8.30
26005,2295,3.70
26007,775,5.70
26009,659,6.50
26011,484,8.00
26013,245,7.70
26015,1224,3.90
26017,2798,5.50
26019,571,6.50
26021,3560,4.80
26023,881,4.60
26025,3105,4.90
26027,1109,4.60
26029,725,5.50
26031,1076,10.00
26033,1247,7.60
26035,829,6.90
26037,1478,3.60
26039,374,6.90
26041,1064,6.20
26043,589,4.70
26045,2331,4.10
26047,1142,6.50
26049,10231,5.70
26051,641,6.50
26053,374,5.90
26055,2056,4.20
26057,964,5.40
26059,1020,4.90
26061,972,5.90
26063,800,5.10
26065,6435,4.30
26067,1171,3.90
26069,741,7.30
26071,329,6.40
26073,1565,4.40
26075,3411,4.60
26077,5298,4.00
26079,542,6.90
26081,12203,3.40
26083,78,8.70
26085,302,8.10
26087,2238,5.50
26089,501,4.80
26091,2207,4.70
26093,3421,3.40
26095,164,6.80
26097,523,10.10
26099,19252,4.30
26101,674,6.50
26103,1824,5.50
26105,802,5.70
26107,1068,5.70
26109,530,4.80
26111,1866,4.60
26113,403,5.80
26115,3588,4.70
26117,1398,5.00
26119,318,10.40
26121,4117,5.30
26123,1141,4.90
26125,23211,3.50
26127,861,7.00
26129,623,7.60
26131,189,8.70
26133,631,5.90
26135,213,7.30
26137,695,6.00
26139,5149,3.30
26141,476,9.20
26143,688,8.80
26145,4701,5.40
26147,3806,5.10
26149,1202,4.20
26151,1127,5.80
26153,278,8.30
26155,1710,5.10
26157,1479,6.20
26159,1996,5.70
26161,6790,3.50
26163,43388,5.50
26165,819,5.50
27000,105017,3.40
27001,444,6.20
27003,6494,3.30
27005,770,4.20
27007,1147,4.90
27009,875,4.00
27011,113,4.40
27013,1160,2.90
27015,531,3.70
27017,835,4.70
27019,1668,2.90
27021,851,5.90
27023,273,4.00
27025,1163,4.00
27027,1139,3.20
27029,402,8.80
27031,119,3.80
27033,296,5.20
27035,1429,4.40
27037,7173,3.00
27039,392,3.40
27041,649,3.20
27043,297,4.20
27045,398,3.50
27047,586,3.60
27049,862,3.20
27051,134,4.10
27053,21058,3.00
27055,357,3.40
27057,549,5.60
27059,899,4.30
27061,1508,7.00
27063,208,3.60
27065,547,6.10
27067,804,3.20
27069,88,3.70
27071,422,7.10
27073,121,3.40
27075,212,3.90
27077,111,4.70
27079,736,4.70
27081,107,3.20
27083,475,3.20
27085,736,3.80
27087,118,5.00
27089,378,6.90
27091,356,3.40
27093,533,4.00
27095,704,5.50
27097,935,5.30
27099,577,2.80
27101,213,4.40
27103,520,2.50
27105,358,3.20
27107,159,4.70
27109,2326,2.70
27111,1246,4.00
27113,495,5.60
27115,850,5.70
27117,161,3.30
27119,710,4.20
27121,194,3.10
27123,9229,3.20
27125,148,6.60
27127,311,4.10
27129,390,4.40
27131,1154,3.20
27133,122,2.10
27135,395,4.90
27137,4710,4.60
27139,2368,2.90
27141,1909,3.70
27143,300,3.60
27145,3032,3.40
27147,688,3.40
27149,145,2.60
27151,206,4.10
27153,529,3.90
27155,63,3.60
27157,404,3.30
27159,323,5.50
27161,359,3.90
27163,4202,3.00
27165,279,4.30
27167,110,3.10
27169,895,3.10
27171,2597,3.50
27173,184,3.40
28000,66523,5.20
28001,839,7.50
28003,726,4.50
28005,309,6.90
28007,431,6.20
28009,174,5.70
28011,847,6.60
28013,270,4.80
28015,211,6.00
28017,379,5.40
28019,184,5.10
28021,303,10.00
28023,380,6.20
28025,538,7.00
28027,657,7.60
28029,656,5.80
28031,400,4.90
28033,3487,3.90
28035,1662,5.00
28037,199,7.00
28039,648,7.30
28041,335,7.70
28043,453,4.70
28045,1066,5.70
28047,4284,5.00
28049,5431,5.00
28051,560,9.60
28053,213,9.70
28055,48,12.20
28057,452,4.30
28059,3550,6.10
28061,408,6.70
28063,317,14.90
28065,296,7.00
28067,1347,5.30
28069,286,8.00
28071,1171,4.30
28073,1182,3.90
28075,1734,5.50
28077,313,6.70
28079,445,5.90
28081,1690,4.10
28083,773,7.60
28085,776,5.30
28087,1389,5.50
28089,2120,4.00
28091,575,5.60
28093,761,5.30
28095,823,5.30
28097,217,5.20
28099,550,5.30
28101,464,5.20
28103,292,7.50
28105,1133,5.10
28107,900,6.90
28109,1266,5.40
28111,280,6.50
28113,901,6.20
28115,579,4.00
28117,522,4.70
28119,222,9.10
28121,2786,3.70
28123,551,4.20
28125,132,8.20
28127,547,5.00
28129,328,4.90
28131,412,6.30
28133,677,8.50
28135,301,5.50
28137,628,5.20
28139,433,4.60
28141,424,5.10
28143,271,6.10
28145,516,3.70
28147,350,6.90
28149,1203,5.80
28151,1300,7.30
28153,480,6.50
28155,208,5.40
28157,256,9.00
28159,445,6.20
28161,283,5.60
28163,568,6.30
29000,115269,3.80
29001,448,4.30
29003,314,3.20
29005,100,3.50
29007,386,3.50
29009,519,3.40
29011,217,4.20
29013,356,4.50
29015,373,5.10
29017,242,4.40
29019,2562,2.60
29021,1610,3.60
29023,838,4.50
29025,180,4.10
29027,749,3.50
29029,906,4.80
29031,1385,3.50
29033,195,4.10
29035,149,5.90
29037,1913,3.50
29039,234,4.10
29041,133,3.50
29043,1343,3.10
29045,180,5.60
29047,4892,3.60
29049,435,4.00
29051,1143,2.90
29053,272,3.60
29055,500,4.60
29057,122,3.40
29059,328,4.70
29061,136,3.30
29063,191,3.90
29065,259,4.20
29067,235,4.60
29069,809,6.50
29071,1901,3.60
29073,301,3.90
29075,103,2.80
29077,4533,3.10
29079,171,3.60
29081,138,3.50
29083,408,4.10
29085,168,4.50
29087,78,2.90
29089,194,3.80
29091,757,4.80
29093,231,6.40
29095,16017,4.40
29097,1922,3.40
29099,4171,3.60
29101,1025,4.40
29103,64,3.20
29105,790,4.80
29107,642,3.80
29109,634,3.50
29111,175,3.40
29113,984,3.60
29115,307,5.80
29117,220,2.90
29119,380,3.70
29121,275,3.60
29123,247,4.50
29125,169,4.30
29127,522,3.60
29129,73,3.80
29131,535,4.50
29133,304,5.00
29135,267,3.60
29137,174,4.30
29139,186,3.30
29141,391,4.90
29143,528,6.60
29145,999,3.70
29147,383,3.60
29149,185,4.60
29151,213,3.00
29153,208,5.80
29155,490,7.50
29157,269,2.70
29159,870,4.20
29161,737,3.70
29163,273,3.40
29165,1843,3.20
29167,568,4.00
29169,631,4.30
29171,93,3.80
29173,176,3.10
29175,466,4.50
29177,537,4.80
29179,122,3.90
29181,291,5.50
29183,6367,2.90
29185,198,5.10
29186,326,3.60
29187,1172,4.40
29189,18116,3.40
29195,380,3.60
29197,95,4.90
29199,77,3.10
29201,897,4.50
29203,199,6.10
29205,107,3.50
29207,669,5.10
29209,766,5.50
29211,112,4.10
29213,1629,6.00
29215,466,5.00
29217,367,3.80
29219,564,3.20
29221,558,5.40
29223,282,5.10
29225,654,3.90
29227,30,2.50
29229,378,5.00
29510,6869,4.50
30000,21510,4.10
30001,160,3.20
30003,754,13.60
30005,99,4.20
30007,125,4.80
30009,203,3.70
30011,18,2.60
30013,1445,3.80
30015,83,3.30
30017,198,3.20
30019,21,2.30
30021,147,3.10
30023,186,3.60
30025,47,2.70
30027,236,4.10
30029,2505,5.30
30031,1814,2.80
30033,22,2.90
30035,463,8.10
30037,19,5.10
30039,96,5.90
30041,301,3.90
30043,246,4.40
30045,34,3.70
30047,599,4.60
30049,1240,3.50
30051,30,3.10
30053,680,8.60
30055,22,2.20
30057,174,4.00
30059,41,4.40
30061,129,7.60
30063,2296,3.70
30065,104,4.50
30067,344,4.00
30069,13,4.50
30071,88,4.60
30073,107,3.90
30075,26,2.60
30077,127,4.40
30079,18,3.70
30081,943,4.80
30083,231,3.90
30085,216,4.70
30087,211,5.20
30089,339,7.10
30091,51,2.70
30093,733,4.30
30095,190,3.90
30097,57,3.20
30099,111,4.00
30101,66,3.10
30103,13,3.80
30105,139,3.30
30107,35,4.50
30109,16,3.30
30111,2899,3.60
31000,29905,2.90
31001,517,3.10
31003,89,2.50
31005,13,5.90
31007,14,3.60
31009,11,4.20
31011,72,2.50
31013,180,3.30
31015,36,3.30
31017,46,3.30
31019,664,2.40
31021,129,3.70
31023,128,2.80
31025,418,3.20
31027,100,2.20
31029,43,1.90
31031,79,2.30
31033,147,2.90
31035,102,3.10
31037,136,2.40
31039,129,2.70
31041,138,2.20
31043,434,4.10
31045,141,2.70
31047,372,2.90
31049,27,2.60
31051,95,3.10
31053,546,2.80
31055,9310,3.20
31057,28,2.40
31059,78,2.50
31061,44,3.00
31063,40,2.60
31065,65,2.40
31067,383,3.50
31069,33,2.80
31071,30,2.60
31073,28,2.70
31075,10,2.30
31077,37,3.00
31079,1088,3.40
31081,118,2.50
31083,45,2.50
31085,14,2.40
31087,43,3.40
31089,141,2.40
31091,15,3.80
31093,102,3.10
31095,102,2.40
31097,70,3.40
31099,83,2.20
31101,139,3.00
31103,15,2.50
31105,56,2.80
31107,163,3.50
31109,4543,2.70
31111,564,3.00
31113,13,2.80
31115,12,3.00
31117,10,2.20
31119,507,2.60
31121,113,2.80
31123,77,2.90
31125,50,2.50
31127,141,3.90
31129,63,2.70
31131,273,3.30
31133,46,3.10
31135,35,1.90
31137,114,2.30
31139,112,2.70
31141,497,2.90
31143,69,2.40
31145,149,2.50
31147,137,3.20
31149,23,2.50
31151,229,3.10
31153,2612,2.80
31155,305,2.80
31157,633,3.40
31159,232,2.70
31161,72,2.60
31163,49,2.90
31165,22,2.90
31167,99,2.80
31169,64,2.20
31171,14,3.20
31173,150,5.00
31175,56,2.60
31177,347,3.10
31179,136,2.40
31181,49,2.90
31183,13,2.20
31185,188,2.60
32000,72925,5.00
32001,470,4.50
32003,55768,5.20
32005,1079,4.80
32007,987,3.70
32009,20,4.10
32011,31,3.00
32013,342,4.30
32015,141,4.50
32017,96,4.80
32019,1301,6.00
32021,108,5.50
32023,1035,6.40
32027,116,4.60
32029,96,5.00
32031,9884,4.20
32033,181,4.10
32510,1272,5.00
33000,21171,2.80
33001,859,2.80
33003,655,2.80
33005,1107,2.70
33007,518,3.60
33009,1126,2.30
33011,6955,3.00
33013,2025,2.50
33015,5571,3.00
33017,1815,2.50
33019,538,2.30
34000,202032,4.50
34001,8411,7.10
34003,18142,3.80
34005,9232,4.00
34007,12622,5.00
34009,4174,9.00
34011,4459,6.80
34013,20370,5.50
34015,6890,4.60
34017,15363,4.20
34019,2203,3.40
34021,7896,4.00
34023,17486,4.00
34025,13121,4.00
34027,9097,3.50
34029,12637,4.70
34031,13549,5.60
34033,1762,6.00
34035,6350,3.70
34037,3176,4.30
34039,12810,4.60
34041,2282,4.10
35000,57521,6.10
35001,17920,5.40
35003,81,6.90
35005,1762,6.40
35006,704,7.70
35007,340,5.90
35009,1065,4.70
35011,39,4.60
35013,6492,6.70
35015,1520,5.20
35017,742,6.00
35019,107,6.50
35021,17,6.00
35023,109,5.10
35025,1818,6.50
35027,479,5.50
35028,350,3.80
35029,1477,13.90
35031,2087,8.50
35033,175,7.90
35035,1519,6.00
35037,199,6.10
35039,1070,6.30
35041,415,5.10
35043,3965,6.10
35045,4057,7.50
35047,812,7.30
35049,3724,5.00
35051,324,7.70
35053,421,6.30
35055,1188,7.80
35057,477,8.50
35059,72,3.70
35061,1997,6.60
36000,442918,4.60
36001,6651,4.20
36003,1297,6.60
36005,37364,6.20
36007,4682,5.50
36009,2115,6.20
36011,1793,5.00
36013,3305,6.00
36015,1957,5.50
36017,1188,5.30
36019,1895,5.20
36021,1173,3.80
36023,1321,5.80
36025,1043,5.50
36027,6109,4.30
36029,22802,5.10
36031,935,5.50
36033,1189,6.00
36035,1328,5.70
36037,1404,4.80
36039,1063,5.20
36041,171,7.40
36043,1589,5.70
36045,2914,6.50
36047,55912,4.60
36049,766,6.60
36051,1534,5.00
36053,1777,5.50
36055,17742,4.90
36057,1281,5.70
36059,28652,4.10
36061,36791,4.00
36063,6125,6.20
36065,5060,5.00
36067,10220,4.70
36069,2447,4.50
36071,8163,4.50
36073,1028,5.90
36075,3393,6.40
36077,1397,5.00
36079,2125,4.20
36081,45819,3.90
36083,3575,4.40
36085,10085,4.60
36087,6623,4.30
36089,2876,6.60
36091,4674,4.00
36093,3381,4.50
36095,799,5.50
36097,474,5.80
36099,728,4.50
36101,2431,5.70
36103,34578,4.50
36105,1672,4.90
36107,1162,5.10
36109,2153,4.30
36111,3984,4.50
36113,1672,5.30
36115,1300,4.60
36117,2158,4.90
36119,21571,4.50
36121,1002,5.60
36123,507,4.40
37000,222948,4.50
37001,3403,4.30
37003,655,3.60
37005,221,5.10
37007,544,5.20
37009,521,4.10
37011,327,4.30
37013,1011,5.10
37015,478,5.90
37017,842,5.80
37019,2909,5.70
37021,4714,3.50
37023,1699,4.20
37025,4345,4.20
37027,1629,4.50
37029,206,4.40
37031,1418,4.40
37033,461,4.70
37035,3270,4.20
37037,1326,3.90
37039,557,5.00
37041,297,5.30
37043,197,5.00
37045,2199,4.60
37047,1219,5.50
37049,1939,4.70
37051,7344,5.80
37053,591,4.40
37055,1183,5.90
37057,3422,4.30
37059,812,4.00
37061,1239,4.90
37063,6698,4.10
37065,1691,7.70
37067,8084,4.40
37069,1407,4.70
37071,4988,4.60
37073,234,4.40
37075,213,6.80
37077,1147,3.80
37079,424,4.40
37081,12425,4.80
37083,1499,7.30
37085,2688,5.10
37087,1166,4.00
37089,2040,3.80
37091,529,5.80
37093,1150,5.80
37095,176,8.40
37097,3679,4.30
37099,912,4.80
37101,3923,4.20
37103,196,4.50
37105,1361,5.10
37107,1249,4.50
37109,1691,4.00
37111,851,4.10
37113,708,4.70
37115,425,4.30
37117,539,5.60
37119,25890,4.30
37121,317,5.20
37123,535,4.60
37125,1787,4.50
37127,2633,6.00
37129,4933,4.10
37131,483,6.20
37133,3390,5.30
37135,2900,3.80
37137,249,4.60
37139,961,5.50
37141,1295,4.60
37143,290,5.70
37145,841,4.70
37147,4353,4.90
37149,371,4.20
37151,2917,4.40
37153,1006,6.00
37155,3271,6.50
37157,2107,5.20
37159,3048,4.70
37161,1493,6.10
37163,1400,4.80
37165,884,7.70
37167,1229,4.10
37169,918,4.20
37171,1403,4.20
37173,347,5.10
37175,613,4.30
37177,114,7.60
37179,4779,4.00
37181,1112,6.20
37183,22425,3.90
37185,467,6.90
37187,315,6.60
37189,1162,4.10
37191,2690,5.00
37193,1318,4.30
37195,2602,7.20
37197,698,4.00
37199,339,4.60
38000,10965,2.70
38001,28,2.50
38003,153,2.80
38005,87,3.60
38007,14,3.20
38009,104,3.30
38011,31,1.80
38013,34,3.10
38015,1248,2.50
38017,2182,2.10
38019,55,2.70
38021,44,1.80
38023,26,1.60
38025,69,2.20
38027,61,4.80
38029,63,4.10
38031,41,2.50
38033,20,2.10
38035,871,2.20
38037,38,3.00
38039,33,2.90
38041,29,2.00
38043,49,3.60
38045,44,1.90
38047,25,2.60
38049,142,4.30
38051,32,2.60
38053,206,2.50
38055,160,3.20
38057,181,4.10
38059,520,3.10
38061,146,2.10
38063,47,3.20
38065,38,4.20
38067,149,4.20
38069,61,3.20
38071,160,2.70
38073,55,2.00
38075,33,2.60
38077,213,2.40
38079,507,10.50
38081,49,2.10
38083,33,4.50
38085,49,3.80
38087,9,2.10
38089,493,2.70
38091,18,1.70
38093,262,2.40
38095,32,2.60
38097,114,2.50
38099,190,3.40
38101,1072,3.30
38103,70,3.30
38105,579,2.50
39000,288370,5.00
39001,784,7.20
39003,2429,5.00
39005,1294,4.90
39007,2610,5.90
39009,1720,6.00
39011,914,3.70
39013,1928,6.30
39015,1118,5.70
39017,8552,4.40
39019,777,5.80
39021,822,4.10
39023,3095,4.80
39025,4630,4.40
39027,957,5.50
39029,2846,5.90
39031,1001,6.80
39033,1084,5.70
39035,35425,5.70
39037,1106,4.20
39039,896,4.90
39041,3816,3.50
39043,2339,6.10
39045,3305,4.30
39047,610,4.20
39049,27775,4.10
39051,1105,4.90
39053,814,6.60
39055,2314,4.70
39057,3520,4.30
39059,1144,6.00
39061,18023,4.40
39063,1507,3.60
39065,711,4.90
39067,427,6.00
39069,702,5.20
39071,1022,5.90
39073,712,5.40
39075,738,3.50
39077,1808,6.40
39079,921,7.10
39081,2049,7.30
39083,1411,4.50
39085,6390,5.10
39087,1430,5.90
39089,3763,4.20
39091,961,4.10
39093,9325,6.10
39095,12399,5.90
39097,802,3.90
39099,7239,6.90
39101,1420,5.00
39103,4512,4.60
39105,732,8.10
39107,722,3.10
39109,2275,4.20
39111,434,8.40
39113,12312,4.90
39115,455,6.80
39117,830,4.90
39119,2259,5.70
39121,344,7.20
39123,1429,6.70
39125,393,4.40
39127,964,6.00
39129,1227,4.70
39131,759,7.00
39133,4412,5.00
39135,946,4.40
39137,671,3.50
39139,2907,5.40
39141,1755,5.10
39143,1485,4.70
39145,2094,7.00
39147,1299,4.70
39149,995,4.10
39151,9766,5.20
39153,13877,5.10
39155,6421,7.20
39157,2281,5.00
39159,1062,3.70
39161,569,3.90
39163,375,6.80
39165,4797,4.10
39167,1708,6.20
39169,2411,3.90
39171,833,4.40
39173,3110,4.40
39175,468,3.70
40000,73753,4.00
40001,386,4.70
40003,74,2.50
40005,260,5.00
40007,74,2.40
40009,413,3.70
40011,122,2.60
40013,740,3.60
40015,516,4.20
40017,2364,3.30
40019,959,4.30
40021,976,5.10
40023,333,5.80
40025,32,2.30
40027,4644,3.30
40029,115,5.10
40031,2038,4.20
40033,107,3.80
40035,251,4.10
40037,1487,4.70
40039,471,3.10
40041,772,4.20
40043,69,2.70
40045,67,3.00
40047,1015,3.70
40049,498,3.90
40051,998,3.80
40053,70,2.40
40055,102,5.00
40057,46,3.60
40059,54,2.90
40061,272,6.20
40063,285,5.30
40065,388,3.60
40067,131,5.30
40069,189,3.80
40071,983,5.10
40073,228,2.60
40075,195,5.00
40077,240,7.10
40079,1059,5.50
40081,650,4.10
40083,755,3.50
40085,185,2.80
40087,642,3.30
40089,877,6.00
40091,506,7.30
40093,120,3.00
40095,290,4.40
40097,861,4.50
40099,225,3.50
40101,1422,4.80
40103,179,3.10
40105,236,5.10
40107,254,5.70
40109,14285,3.80
40111,949,6.00
40113,1013,4.90
40115,595,4.10
40117,374,5.10
40119,1311,3.40
40121,884,5.00
40123,662,3.60
40125,1289,3.90
40127,277,5.90
40129,58,3.10
40131,1858,4.20
40133,508,5.40
40135,858,5.20
40137,1063,5.90
40139,276,2.90
40141,131,4.00
40143,12901,4.00
40145,1532,4.10
40147,991,4.30
40149,224,4.20
40151,121,2.50
40153,369,3.90
41000,84426,4.10
41001,375,5.40
41003,1537,3.20
41005,7944,3.70
41007,775,4.00
41009,1223,5.10
41011,1426,5.40
41013,585,6.20
41015,533,6.00
41017,3876,4.20
41019,2423,5.30
41021,36,4.20
41023,211,6.80
41025,209,6.20
41027,504,3.50
41029,4795,4.70
41031,548,5.50
41033,1847,5.30
41035,1712,5.80
41037,196,5.60
41039,7911,4.40
41041,988,4.70
41043,2691,4.70
41045,571,4.60
41047,6803,4.30
41049,249,4.30
41051,16156,3.60
41053,1674,4.30
41055,42,4.70
41057,490,4.20
41059,1735,4.70
41061,617,5.20
41063,183,5.50
41065,563,4.10
41067,10984,3.40
41069,28,3.80
41071,1990,3.70
42000,320134,5.00
42001,2062,3.70
42003,31081,4.80
42005,2023,6.30
42007,4756,5.60
42009,1247,5.30
42011,9938,4.70
42013,2947,4.90
42015,1528,5.20
42017,14687,4.30
42019,4577,4.60
42021,3653,6.10
42023,153,7.00
42025,1778,5.60
42027,2964,3.80
42029,10265,3.70
42031,1014,5.70
42033,2154,6.00
42035,1141,6.20
42037,1774,5.30
42039,2199,5.60
42041,5039,3.90
42043,6519,4.60
42045,13554,4.60
42047,785,4.90
42049,7640,5.80
42051,4038,7.00
42053,124,6.80
42055,3459,4.50
42057,374,5.20
42059,1005,6.00
42061,1202,6.10
42063,2321,5.90
42065,1162,5.70
42067,577,4.70
42069,5527,5.20
42071,10893,3.90
42073,2498,6.20
42075,2969,4.20
42077,9660,5.10
42079,9478,6.00
42081,3282,5.70
42083,1125,6.20
42085,2810,5.50
42087,1116,5.40
42089,4896,6.00
42091,17574,3.90
42093,356,3.90
42095,7902,5.00
42097,2510,5.80
42099,1056,4.40
42101,44744,6.30
42103,1491,6.00
42105,480,6.60
42107,3930,5.90
42109,927,4.50
42111,2065,6.10
42113,163,6.10
42115,989,4.80
42117,1157,6.10
42119,871,4.40
42121,1421,6.20
42123,1034,5.40
42125,5649,5.30
42127,1162,5.20
42129,9506,5.30
42131,741,5.40
42133,10414,4.40
44000,25038,4.50
44001,1012,3.90
44003,3744,4.10
44005,1758,3.90
44007,15727,4.80
44009,2798,4.00
45000,96477,4.20
45001,448,4.50
45003,2967,4.00
45005,182,6.80
45007,3430,3.90
45009,375,7.30
45011,472,5.90
45013,2958,4.00
45015,3729,3.80
45017,344,5.10
45019,6972,3.40
45021,1155,4.90
45023,796,6.00
45025,908,4.20
45027,722,5.90
45029,779,4.70
45031,1538,5.20
45033,696,5.60
45035,2795,3.80
45037,472,4.50
45039,714,7.20
45041,2893,4.40
45043,1359,5.50
45045,8878,3.60
45047,1357,4.40
45049,353,4.40
45051,7050,4.90
45053,435,3.60
45055,1285,4.40
45057,1792,4.60
45059,1280,4.30
45061,373,5.90
45063,5225,3.50
45065,149,4.40
45067,900,7.30
45069,585,6.40
45071,751,4.10
45073,1457,4.30
45075,2424,7.00
45077,2269,4.10
45079,8281,4.20
45081,340,3.90
45083,5758,4.00
45085,2240,5.10
45087,608,5.30
45089,755,6.30
45091,5230,3.90
46000,14170,3.10
46003,41,2.70
46005,251,2.70
46007,46,4.10
46009,81,2.80
46011,555,2.90
46013,589,2.80
46015,70,2.80
46017,50,7.10
46019,168,3.30
46021,27,3.20
46023,134,3.40
46025,82,4.30
46027,219,3.10
46029,479,3.10
46031,56,3.90
46033,163,4.00
46035,300,2.70
46037,108,3.80
46039,101,4.60
46041,214,9.50
46043,45,2.80
46045,56,2.60
46047,113,3.80
46049,32,2.90
46051,148,3.30
46053,68,3.30
46055,29,2.60
46057,108,3.40
46059,42,2.30
46061,68,3.80
46063,20,2.80
46065,260,2.60
46067,104,2.90
46069,20,2.90
46071,71,5.40
46073,26,2.30
46075,15,2.70
46077,80,3.00
46079,235,3.60
46081,402,3.10
46083,767,2.30
46085,82,4.70
46087,81,2.60
46089,34,3.20
46091,102,4.20
46093,449,3.20
46095,35,4.60
46097,33,2.80
46099,2920,2.70
46101,139,3.50
46102,395,10.90
46103,1771,3.20
46105,43,2.70
46107,35,3.10
46109,219,4.50
46111,39,3.30
46115,104,3.20
46117,59,3.20
46119,25,3.00
46121,196,6.20
46123,81,2.70
46125,142,3.00
46127,274,3.40
46129,108,4.80
46135,318,2.70
46137,47,5.00
47000,118881,3.70
47001,1329,3.90
47003,806,3.90
47005,361,5.40
47007,251,5.90
47009,2162,3.50
47011,1842,3.60
47013,758,5.20
47015,219,3.50
47017,612,5.10
47019,1083,4.50
47021,636,3.10
47023,330,4.00
47025,598,4.70
47027,155,5.10
47029,764,5.20
47031,910,3.70
47033,287,4.10
47035,1086,4.70
47037,10717,2.80
47039,242,5.20
47041,367,4.80
47043,853,3.30
47045,777,4.80
47047,741,4.00
47049,320,4.50
47051,748,3.80
47053,971,4.60
47055,528,3.40
47057,395,4.20
47059,1381,4.60
47061,241,5.00
47063,1100,4.00
47065,6422,3.60
47067,118,5.80
47069,478,5.20
47071,489,4.70
47073,1005,4.30
47075,405,5.20
47077,610,5.10
47079,633,4.50
47081,371,3.40
47083,186,5.80
47085,380,4.30
47087,245,5.30
47089,964,4.00
47091,297,3.90
47093,7511,3.20
47095,103,5.60
47097,541,5.80
47099,779,4.40
47101,225,4.60
47103,530,3.30
47105,831,3.70
47107,989,4.40
47109,480,5.60
47111,366,3.40
47113,1885,3.90
47115,584,4.90
47117,525,3.50
47119,1489,3.20
47121,261,5.20
47123,787,4.00
47125,3344,4.10
47127,108,3.10
47129,381,4.90
47131,669,5.50
47133,393,4.10
47135,156,4.80
47137,108,4.40
47139,334,4.50
47141,1291,3.80
47143,855,6.50
47145,1008,4.40
47147,1225,3.40
47149,4979,2.90
47151,415,5.10
47153,300,5.00
47155,2093,4.00
47157,18939,4.30
47159,319,3.60
47161,278,5.40
47163,2815,4.00
47165,2855,3.00
47167,1217,4.40
47169,164,3.50
47171,378,5.40
47173,323,4.40
47175,89,4.30
47177,675,3.90
47179,2238,3.80
47181,321,5.30
47183,764,4.90
47185,472,4.00
47187,3216,2.70
47189,2101,3.00
48000,589331,4.30
48001,852,3.70
48003,279,3.10
48005,1876,5.10
48007,708,6.90
48009,140,3.40
48011,24,2.60
48013,897,4.30
48015,612,4.40
48017,115,4.30
48019,354,3.60
48021,1451,3.60
48023,54,3.40
48025,649,6.50
48027,6092,4.30
48029,32927,3.60
48031,173,2.80
48033,12,3.70
48035,329,4.00
48037,1810,4.60
48039,9254,5.30
48041,3507,3.10
48043,140,3.50
48045,24,4.30
48047,202,8.30
48049,627,3.90
48051,338,4.20
48053,712,3.20
48055,730,3.90
48057,610,5.80
48059,216,3.70
48061,11619,7.00
48063,286,5.70
48065,98,3.20
48067,731,6.00
48069,113,3.30
48071,1238,6.50
48073,949,4.60
48075,86,3.00
48077,174,3.50
48079,52,4.60
48081,52,3.70
48083,138,4.50
48085,18509,3.50
48087,42,3.60
48089,392,4.00
48091,2328,3.40
48093,197,3.70
48095,51,4.20
48097,683,3.60
48099,1075,4.40
48101,22,4.20
48103,84,5.30
48105,69,4.10
48107,108,4.20
48109,34,3.70
48111,88,2.20
48113,52373,3.90
48115,226,4.90
48117,256,3.10
48119,86,3.40
48121,15830,3.40
48123,423,4.40
48125,33,4.90
48127,330,5.10
48129,55,3.70
48131,371,7.70
48133,342,4.30
48135,3244,4.10
48137,29,3.20
48139,3068,3.50
48141,16472,4.70
48143,711,3.40
48145,283,4.30
48147,536,3.40
48149,404,3.20
48151,61,3.60
48153,148,5.50
48155,21,3.50
48157,17573,4.70
48159,212,4.70
48161,433,6.40
48163,371,4.00
48165,283,3.10
48167,8571,5.30
48169,71,3.30
48171,343,2.60
48173,19,2.70
48175,162,4.90
48177,329,3.50
48179,435,5.30
48181,2212,3.60
48183,2983,5.20
48185,586,5.40
48187,2633,3.40
48189,645,5.20
48191,70,6.20
48193,144,4.00
48195,73,2.60
48197,66,4.00
48199,1562,6.20
48201,115604,5.10
48203,1549,5.30
48205,58,2.00
48207,118,4.80
48209,3510,3.20
48211,58,2.50
48213,1498,4.20
48215,25757,7.50
48217,640,4.00
48219,421,3.70
48221,1098,4.20
48223,622,3.60
48225,453,4.40
48227,567,4.30
48229,97,5.80
48231,1661,4.00
48233,570,6.10
48235,24,3.20
48237,148,3.70
48239,296,4.00
48241,1009,7.50
48243,34,3.20
48245,7983,7.40
48247,140,7.30
48249,1272,7.60
48251,2981,3.80
48253,303,5.40
48255,226,3.50
48257,2153,3.60
48259,653,3.10
48261,8,3.30
48263,12,2.60
48265,732,3.40
48267,67,3.50
48269,6,3.60
48271,65,5.60
48273,798,6.00
48275,59,4.00
48277,1003,4.20
48279,270,5.20
48281,347,3.80
48283,155,3.70
48285,317,3.60
48287,316,3.30
48289,394,6.40
48291,2294,7.20
48293,466,5.60
48295,52,3.20
48297,254,4.70
48299,321,3.80
48301,5,5.00
48303,4995,3.20
48305,105,3.80
48307,131,3.60
48309,4610,3.90
48311,14,1.90
48313,223,4.80
48315,248,5.70
48317,82,3.20
48319,61,3.40
48321,1240,7.30
48323,2251,9.40
48325,830,3.90
48327,39,4.80
48329,2731,3.00
48331,512,5.10
48333,68,3.60
48335,137,5.50
48337,366,4.00
48339,11854,4.40
48341,321,2.90
48343,405,8.70
48345,18,3.60
48347,1221,4.30
48349,903,4.00
48351,424,8.00
48353,275,4.10
48355,9151,5.40
48357,165,3.60
48359,23,2.50
48361,2586,7.00
48363,553,4.10
48365,568,5.50
48367,2204,3.50
48369,122,2.50
48371,294,4.70
48373,1075,6.10
48375,1794,3.20
48377,289,9.50
48379,206,3.60
48381,2013,2.80
48383,69,3.80
48385,60,5.70
48387,274,5.30
48389,251,3.60
48391,182,5.60
48393,17,3.90
48395,354,4.80
48397,1656,3.40
48399,170,3.70
48401,1131,5.10
48403,309,8.60
48405,216,7.50
48407,659,5.70
48409,2361,7.70
48411,78,3.20
48413,50,3.70
48415,304,4.40
48417,56,3.00
48419,560,5.20
48421,40,3.10
48423,4372,4.10
48425,192,4.60
48427,3093,11.80
48429,183,4.60
48431,22,3.70
48433,22,3.60
48435,77,5.10
48437,111,4.10
48439,38822,3.70
48441,2283,3.60
48443,19,4.80
48445,265,5.10
48447,30,4.30
48449,702,5.40
48451,2001,3.70
48453,21446,3.10
48455,299,5.60
48457,523,7.40
48459,935,5.30
48461,58,3.70
48463,551,4.70
48465,1028,5.10
48467,960,3.80
48469,2089,4.90
48471,1105,4.70
48473,1103,4.90
48475,227,4.10
48477,631,4.20
48479,4879,4.20
48481,954,4.50
48483,94,4.00
48485,2083,3.70
48487,233,4.70
48489,702,11.10
48491,9566,3.30
48493,850,3.50
48495,168,5.20
48497,1217,4.00
48499,817,4.70
48501,136,3.60
48503,306,3.80
48505,404,7.50
48507,420,11.30
49000,48584,3.10
49001,119,3.90
49003,799,3.20
49005,1674,2.70
49007,404,4.90
49009,21,4.90
49011,4999,3.00
49013,440,5.50
49015,207,5.00
49017,211,7.30
49019,305,5.10
49021,895,4.00
49023,176,3.30
49025,124,3.30
49027,203,3.20
49029,148,2.70
49031,23,4.80
49033,36,3.20
49035,18415,3.00
49037,385,6.80
49039,456,3.80
49041,363,3.70
49043,728,3.00
49045,1122,3.50
49047,798,5.80
49049,8218,2.80
49051,468,3.20
49053,2382,3.40
49055,104,7.10
49057,4361,3.50
50000,10469,3.00
50001,590,2.80
50003,671,3.70
50005,548,3.70
50007,2204,2.30
50009,126,4.70
50011,848,3.10
50013,143,3.50
50015,567,4.00
50017,493,3.10
50019,703,5.10
50021,1097,3.50
50023,1016,3.00
50025,711,3.10
50027,752,2.60
51000,159103,3.70
51001,751,4.50
51003,1815,3.30
51005,320,4.50
51007,247,4.00
51009,612,4.10
51011,307,4.30
51013,3713,2.50
51015,1245,3.40
51017,77,3.00
51019,1467,3.80
51021,118,4.10
51023,605,3.50
51025,324,5.30
51027,492,7.00
51029,338,5.30
51031,1075,4.10
51033,642,4.30
51035,595,4.40
51036,175,4.70
51037,242,4.50
51041,6590,3.60
51043,254,3.40
51045,99,4.30
51047,861,3.60
51049,194,4.10
51051,312,6.70
51053,599,4.40
51057,268,4.80
51059,18889,3.00
51061,1173,3.20
51063,295,3.60
51065,407,3.00
51067,1023,3.90
51069,1472,3.20
51071,367,4.60
51073,637,3.30
51075,377,3.50
51077,302,3.90
51079,307,3.00
51081,191,4.30
51083,757,4.80
51085,1921,3.30
51087,6559,3.60
51089,1098,4.60
51091,42,3.20
51093,729,3.80
51095,1255,3.50
51097,132,3.50
51099,483,3.70
51101,305,3.40
51103,277,5.20
51105,440,5.10
51107,6468,3.00
51109,664,3.40
51111,221,4.10
51113,212,2.90
51115,152,3.70
51117,620,4.80
51119,172,3.20
51121,1858,3.70
51125,254,3.50
51127,380,3.20
51131,308,5.60
51133,289,5.20
51135,270,3.80
51137,633,3.70
51139,605,5.10
51141,325,4.20
51143,1310,4.30
51145,454,3.30
51147,493,4.80
51149,662,4.40
51153,8112,3.40
51155,859,5.30
51157,127,3.50
51159,146,3.60
51161,1659,3.40
51163,435,4.10
51165,1313,3.20
51167,593,5.20
51169,375,4.00
51171,728,3.30
51173,689,4.90
51175,324,3.60
51177,2430,3.70
51179,2496,3.60
51181,164,4.40
51183,226,5.90
51185,908,5.60
51187,734,3.70
51191,1098,4.10
51193,416,4.40
51195,859,6.30
51197,702,5.00
51199,1137,3.50
51510,2821,2.80
51520,330,4.50
51530,141,4.20
51540,791,3.10
51550,4549,3.70
51570,352,4.00
51580,147,6.00
51590,1122,5.60
51595,124,5.20
51600,371,2.80
51610,219,2.60
51620,188,5.20
51630,592,4.30
51640,125,4.10
51650,3238,5.00
51660,1087,4.40
51670,595,6.10
51678,128,6.00
51680,1764,4.90
51683,727,3.30
51685,296,3.30
51690,345,6.20
51700,4080,4.60
51710,5109,4.60
51720,89,5.20
51730,957,7.20
51735,212,3.40
51740,2363,5.30
51750,409,4.90
51760,5008,4.30
51770,2023,4.10
51775,484,3.70
51790,423,3.50
51800,1785,4.00
51810,8175,3.50
51820,415,4.00
51830,348,5.10
51840,525,3.60
53000,172058,4.60
53001,500,5.60
53003,423,4.10
53005,5257,5.40
53007,2105,4.80
53009,1857,6.70
53011,11369,5.00
53013,98,5.50
53015,2729,6.00
53017,1172,5.60
53019,272,10.80
53021,2537,6.20
53023,47,5.20
53025,2773,6.10
53027,1933,6.90
53029,1732,5.10
53031,715,6.00
53033,43557,3.50
53035,5769,4.80
53037,1163,5.20
53039,578,5.80
53041,2151,6.50
53043,241,4.90
53045,1537,6.50
53047,1397,6.70
53049,579,6.90
53051,344,7.30
53053,21929,5.30
53055,318,3.90
53057,3193,5.40
53059,317,6.00
53061,16603,3.90
53063,12696,5.30
53065,1291,7.10
53067,6563,4.90
53069,93,7.10
53071,1406,4.90
53073,5400,4.90
53075,1004,4.30
53077,8412,6.70
54000,41035,5.20
54001,401,5.90
54003,2068,3.70
54005,489,6.40
54007,398,7.50
54009,600,6.10
54011,1905,4.60
54013,263,10.90
54015,275,8.70
54017,167,4.30
54019,1016,6.40
54021,174,7.20
54023,334,5.60
54025,772,4.90
54027,409,3.90
54029,783,6.10
54031,292,4.90
54033,1615,4.80
54035,691,5.70
54037,916,3.10
54039,4255,5.10
54041,436,6.70
54043,495,6.90
54045,811,7.50
54047,422,9.00
54049,1352,5.30
54051,840,6.00
54053,679,6.80
54055,1256,5.90
54057,649,5.30
54059,588,8.70
54061,1983,3.70
54063,262,4.40
54065,312,4.00
54067,668,7.20
54069,993,4.70
54071,135,3.80
54073,201,7.10
54075,224,6.00
54077,759,5.00
54079,1244,4.70
54081,1591,5.40
54083,661,5.40
54085,244,5.50
54087,442,8.80
54089,261,5.90
54091,386,4.90
54093,178,5.20
54095,250,7.70
54097,584,6.20
54099,915,5.80
54101,210,6.30
54103,514,7.60
54105,175,7.90
54107,2003,5.50
54109,490,7.10
55000,102141,3.30
55001,415,5.10
55003,357,4.50
55005,856,3.50
55007,390,5.20
55009,4174,2.90
55011,245,3.70
55013,352,4.80
55015,775,2.80
55017,1162,3.50
55019,542,3.00
55021,931,2.90
55023,324,4.10
55025,7672,2.40
55027,1394,2.90
55029,591,3.80
55031,1040,4.40
55033,794,3.30
55035,1714,2.90
55037,106,4.60
55039,1607,2.80
55041,201,5.00
55043,880,3.10
55045,576,2.70
55047,361,3.70
55049,403,2.90
55051,160,6.20
55053,346,3.30
55055,1444,3.20
55057,449,3.30
55059,3441,3.90
55061,343,3.10
55063,1961,2.90
55065,254,2.50
55067,402,4.20
55069,546,3.50
55071,1460,3.50
55073,2155,2.90
55075,868,4.40
55077,289,3.80
55078,95,5.90
55079,19063,4.00
55081,686,2.90
55083,724,3.50
55085,696,3.80
55087,3108,3.00
55089,1346,2.70
55091,147,3.50
55093,840,3.30
55095,927,3.70
55097,1208,3.10
55099,252,3.70
55101,4011,4.00
55103,276,3.00
55105,3125,3.70
55107,307,4.40
55109,1552,3.10
55111,1025,2.90
55113,369,4.60
55115,685,3.20
55117,1724,2.80
55119,383,3.50
55121,499,3.00
55123,482,3.10
55125,437,4.30
55127,1883,3.30
55129,308,3.90
55131,2145,2.80
55133,6501,2.90
55135,839,3.20
55137,449,3.90
55139,2773,3.00
55141,1299,3.70
56000,12704,4.30
56001,609,2.90
56003,236,4.40
56005,1164,5.00
56007,328,4.10
56009,346,4.60
56011,135,3.60
56013,1113,5.70
56015,207,3.00
56017,95,4.00
56019,182,4.30
56021,1833,3.80
56023,334,3.80
56025,2149,5.40
56027,37,2.80
56029,693,4.40
56031,183,3.80
56033,640,4.00
56035,198,4.60
56037,1015,4.70
56039,452,2.90
56041,430,4.70
56043,171,4.10
56045,154,4.10
72000,118942,10.80
72001,658,15.10
72003,1534,12.90
72005,2159,14.50
72007,827,12.50
72009,932,14.20
72011,1121,12.50
72013,2760,11.70
72015,887,17.70
72017,824,14.00
72019,837,11.40
72021,4969,7.70
72023,1899,13.60
72025,4309,9.10
72027,1090,11.60
72029,1561,9.70
72031,4754,7.80
72033,706,9.10
72035,1628,10.10
72037,509,13.50
72039,619,16.10
72041,1282,8.40
72043,1680,16.20
72045,582,11.80
72047,1019,11.30
72049,40,4.40
72051,883,6.90
72053,1482,13.30
72054,480,14.30
72055,741,18.30
72057,1838,15.60
72059,834,16.40
72061,1939,5.30
72063,1282,7.30
72065,1828,14.00
72067,705,12.70
72069,2426,14.00
72071,1687,13.40
72073,552,13.00
72075,1939,12.90
72077,1423,11.50
72079,1064,19.40
72081,1347,18.60
72083,578,20.60
72085,1347,12.00
72087,809,9.60
72089,799,12.80
72091,1223,10.60
72093,406,20.10
72095,510,17.30
72097,3157,14.00
72099,1574,14.70
72101,996,12.40
72103,893,11.10
72105,847,11.80
72107,727,14.30
72109,915,19.70
72111,1048,17.50
72113,5307,11.60
72115,957,15.80
72117,713,15.30
72119,1645,9.70
72121,1073,16.80
72123,1401,18.70
72125,1570,15.70
72127,9303,7.00
72129,1527,12.80
72131,1867,17.70
72133,1318,13.50
72135,2054,7.70
72137,2362,8.10
72139,1578,5.90
72141,943,14.00
72143,1047,10.70
72145,1668,12.40
72147,438,14.50
72149,1467,19.40
72151,1488,16.50
72153,1751,17.20
